customer_id,first_name,last_name,email,phone,gender,city,state,country,registration_date,customer_status
1,,Lee,user1@mail.com,9417457348,M,Dallas,,USA,2025-03-23,Inactive
-10,Alice,Smith,user-10@mail.com,9521985085,M,NYC,CA,USA,2025-05-01,Active
3,John,Patel,user3@mail.com,9893061633,F,NYC,CA,USA,2024-01-26,Active
4,,Patel,,9815196858,M,NYC,CA,USA,2024-10-26,Active
5,,Smith,user5@mail.com,9142782500,M,LA,NY,USA,2024-05-25,Active
6,,Patel,user6@mail.com,9201466925,F,NYC,CA,USA,2024-02-01,Active
7,John,Lee,user7@mail.com,9999467438,M,NYC,,USA,2024-09-09,Inactive
8,John,Patel,user8@mail.com,9622106495,M,LA,NY,USA,2025-02-01,Inactive
9,Bob,Patel,user9@mail.com,9666147197,M,NYC,,USA,2025-11-08,Inactive
10,Alice,Smith,user10@mail.com,9519404410,F,LA,,USA,2024-04-08,Active
11,Bob,Smith,user11@mail.com,9582205166,F,Dallas,NY,USA,2024-03-17,Inactive
12,Alice,,user12@mail.com,,M,Dallas,NY,USA,2025-05-26,Active
13,John,,user13@mail.com,9619794262,F,LA,CA,USA,2024-10-09,Inactive
14,Alice,,user14@mail.com,9741669688,F,Dallas,,USA,2025-06-23,Inactive
15,,Lee,user15@mail.com,9199345087,F,LA,NY,USA,2024-04-13,Active
16,,Smith,user16@mail.com,,F,LA,TX,USA,2024-03-11,Active
17,Bob,Patel,user17@mail.com,9290924336,F,LA,,USA,2025-08-29,Inactive
18,John,Patel,user18@mail.com,9804434215,M,NYC,TX,USA,2025-07-22,Active
19,John,Smith,user19@mail.com,9602241264,M,Dallas,TX,USA,2024-10-15,Active
20,,,user20@mail.com,9141493805,F,Dallas,TX,USA,2024-08-06,Active
21,Bob,,user21@mail.com,9146572707,M,Dallas,TX,USA,2024-06-23,Active
22,Bob,Lee,user22@mail.com,9208864009,F,LA,TX,USA,2024-03-05,Active
23,Bob,Smith,user23@mail.com,9394013196,F,NYC,TX,USA,2024-04-15,Active
24,Bob,Patel,user24@mail.com,9660906674,F,LA,CA,USA,2025-07-13,Inactive
25,John,,user25@mail.com,9698538991,F,LA,,USA,2024-07-22,Active
26,,Patel,user26@mail.com,9321903514,F,NYC,NY,USA,2024-01-11,Active
27,,Lee,user27@mail.com,9688350460,F,LA,CA,USA,2025-09-19,Inactive
28,,Smith,user28@mail.com,9614805562,M,LA,TX,USA,2024-02-02,Active
29,Bob,Smith,user29@mail.com,9375969209,M,NYC,,USA,2025-01-13,Inactive
30,John,,user30@mail.com,9807407884,M,Dallas,NY,USA,2024-12-26,Inactive
31,Bob,Patel,user31@mail.com,9571950341,M,LA,TX,USA,2024-03-21,Active
32,,Smith,user32@mail.com,9953446068,F,Dallas,TX,USA,2024-10-28,Inactive
33,John,Smith,user33@mail.com,9636486582,F,LA,CA,USA,2024-04-01,Inactive
34,Alice,Patel,user34@mail.com,9315867579,M,NYC,CA,USA,2024-01-08,Active
35,,Lee,user35@mail.com,9530357730,M,LA,CA,USA,2024-08-07,Active
36,Bob,Smith,user36@mail.com,9180406728,M,Dallas,NY,USA,2025-08-16,Active
37,Bob,Patel,,9129297601,M,Dallas,TX,USA,2025-06-27,Inactive
38,,Lee,user38@mail.com,9199244842,F,NYC,,USA,2024-12-09,Active
39,Alice,Smith,user39@mail.com,9722762723,M,Dallas,NY,USA,2025-08-26,Inactive
40,,Patel,user40@mail.com,9790474836,F,Dallas,CA,USA,2025-10-14,Active
41,John,,user41@mail.com,9858212145,M,LA,CA,USA,2024-01-16,Inactive
42,Bob,Patel,user42@mail.com,9202038644,F,Dallas,NY,USA,2024-12-14,Inactive
43,Alice,Patel,user43@mail.com,9188780969,F,LA,NY,USA,2024-11-18,Active
44,Bob,,user44@mail.com,9992053378,M,Dallas,,USA,2025-01-13,Active
45,John,,user45@mail.com,9771168674,F,Dallas,TX,USA,2024-08-15,Inactive
46,Bob,Lee,user46@mail.com,9469545529,F,Dallas,,USA,2025-04-27,Inactive
47,,,user47@mail.com,9990337877,F,Dallas,TX,USA,2024-09-18,Active
48,,Smith,user48@mail.com,9561324087,F,Dallas,TX,USA,2024-08-03,Inactive
49,Bob,Lee,user49@mail.com,9834601712,F,Dallas,CA,USA,2024-04-10,Inactive
50,,Lee,user50@mail.com,9800393767,M,Dallas,CA,USA,2025-05-04,Inactive
51,Alice,,user51@mail.com,9516577329,F,LA,NY,USA,2025-07-12,Active
52,Bob,Smith,user52@mail.com,9563529589,M,Dallas,TX,USA,2025-10-05,Inactive
50,,Smith,user50@mail.com,9110910235,M,NYC,,USA,2025-11-22,Inactive
54,Alice,Lee,,9797973972,F,Dallas,CA,USA,2025-02-21,Inactive
55,Bob,Patel,user55@mail.com,9627312775,F,NYC,CA,USA,2024-02-22,Active
56,Bob,,user56@mail.com,9162563577,M,LA,NY,USA,2024-08-11,Active
57,Alice,Smith,user57@mail.com,9756145042,F,NYC,TX,USA,2025-04-30,Active
58,,Lee,user58@mail.com,9703908103,F,Dallas,CA,USA,2024-01-27,Inactive
59,,Smith,user59@mail.com,9242730417,M,LA,NY,USA,2024-04-28,Inactive
60,John,Smith,user60@mail.com,9607075548,M,LA,,USA,2025-03-17,Active
61,John,Lee,user61@mail.com,9928400042,M,LA,NY,USA,2024-10-12,Active
62,Alice,Lee,user62@mail.com,9556745954,F,NYC,,USA,2025-08-19,Inactive
63,John,,user63@mail.com,9130009596,F,Dallas,CA,USA,2025-08-03,Inactive
64,John,,user64@mail.com,9713114068,M,NYC,,USA,2024-06-29,Inactive
65,,Smith,user65@mail.com,9623630738,F,Dallas,NY,USA,2024-01-24,Active
66,Bob,Smith,user66@mail.com,9213410177,F,LA,TX,USA,2024-05-26,Active
67,Alice,Smith,user67@mail.com,9188931025,F,Dallas,TX,USA,2024-04-22,Inactive
68,Alice,Patel,user68@mail.com,9835272319,F,NYC,,USA,2025-04-03,Inactive
69,Bob,Smith,user69@mail.com,9843364221,F,NYC,TX,USA,2024-05-15,Active
70,Alice,Patel,user70@mail.com,9876727544,M,NYC,CA,USA,2024-11-01,Inactive
71,Bob,Patel,user71@mail.com,9806842991,F,Dallas,TX,USA,2025-04-14,Active
72,Alice,Lee,user72@mail.com,9149453354,F,NYC,,USA,2025-07-29,Inactive
73,John,,user73@mail.com,9593036425,M,NYC,,USA,2025-02-25,Active
74,John,Smith,user74@mail.com,9633517669,M,Dallas,NY,USA,2024-04-13,Inactive
75,John,Lee,,9697982652,M,NYC,,USA,2025-08-05,Inactive
66,John,Smith,user66@mail.com,9126505370,F,NYC,NY,USA,2024-05-16,Active
77,John,Patel,user77@mail.com,9238226162,M,NYC,CA,USA,2024-04-27,Active
78,,,user78@mail.com,9450981010,F,LA,CA,USA,2025-06-25,Inactive
79,Bob,Patel,user79@mail.com,9219856295,F,Dallas,NY,USA,2024-04-03,Inactive
80,John,,user80@mail.com,9450250774,F,NYC,TX,USA,2024-09-21,Inactive
81,Bob,Patel,user81@mail.com,9615043654,M,NYC,,USA,2024-05-16,Inactive
82,John,,user82@mail.com,9593678431,M,NYC,TX,USA,2024-04-28,Inactive
83,Alice,,user83@mail.com,9402983794,M,LA,TX,USA,2024-07-30,Inactive
84,,Patel,user84@mail.com,9341565340,F,NYC,TX,USA,2024-03-21,Inactive
85,Bob,,user85@mail.com,9713232472,M,LA,CA,USA,2024-10-19,Active
86,,,user86@mail.com,9476030853,M,NYC,NY,USA,2024-06-27,Inactive
87,Bob,,user87@mail.com,9947609641,M,NYC,,USA,2025-03-28,Active
88,Bob,Smith,user88@mail.com,9652154108,F,NYC,TX,USA,2025-11-14,Active
89,Alice,Patel,user89@mail.com,9492335016,M,LA,,USA,2025-06-27,Active
90,,Lee,user90@mail.com,9807263073,M,Dallas,CA,USA,2025-03-06,Active
91,Bob,,user91@mail.com,9301926436,M,Dallas,NY,USA,2025-06-24,Active
92,John,Smith,user92@mail.com,9339861816,M,NYC,NY,USA,2024-01-22,Active
93,,,user93@mail.com,9653901656,M,NYC,NY,USA,2024-03-13,Inactive
94,Alice,Lee,user94@mail.com,9635704133,M,LA,TX,USA,2025-09-04,Active
95,Bob,Patel,user95@mail.com,9936436218,M,NYC,TX,USA,2025-10-02,Inactive
96,Alice,Patel,user96@mail.com,9128858054,M,NYC,NY,USA,2025-05-13,Inactive
97,Alice,,user97@mail.com,9188205579,F,Dallas,TX,USA,2025-08-11,Inactive
98,,Patel,user98@mail.com,9529975519,M,NYC,NY,USA,2024-06-27,Inactive
99,,Lee,,9355784896,F,Dallas,TX,USA,2024-05-18,Inactive
100,,,user100@mail.com,9218428094,M,LA,CA,USA,2024-09-23,Active
101,John,,user101@mail.com,9185956371,F,Dallas,,USA,2025-01-31,Active
102,John,Lee,user102@mail.com,9243258783,F,NYC,NY,USA,2025-09-20,Inactive
103,Alice,Patel,user103@mail.com,9735311187,F,NYC,,USA,2024-04-30,Inactive
104,Alice,Lee,user104@mail.com,9145356945,M,NYC,NY,USA,2024-12-01,Inactive
105,Bob,Lee,user105@mail.com,9501295753,M,NYC,NY,USA,2024-12-13,Inactive
106,Bob,Lee,user106@mail.com,9296879453,M,LA,NY,USA,2025-04-25,Active
107,John,Lee,user107@mail.com,9494323067,F,NYC,NY,USA,2024-03-12,Active
108,Alice,Smith,user108@mail.com,9345975171,F,LA,NY,USA,2024-05-31,Inactive
109,,Smith,user109@mail.com,,F,NYC,,USA,2024-07-17,Inactive
110,,Smith,user110@mail.com,9909751604,F,Dallas,NY,USA,2024-06-09,Inactive
111,,Smith,user111@mail.com,9854438093,M,Dallas,CA,USA,2024-03-01,Inactive
112,Alice,Patel,user112@mail.com,9641408829,F,Dallas,NY,USA,2025-05-13,Active
113,Bob,,user113@mail.com,9863160668,M,LA,CA,USA,2024-12-02,Active
102,Bob,,user102@mail.com,9647149313,F,Dallas,,USA,2025-07-26,Active
115,Bob,Smith,user115@mail.com,9132354240,M,LA,NY,USA,2025-03-24,Active
116,John,,user116@mail.com,9458176060,M,Dallas,CA,USA,2024-12-22,Active
117,Bob,Patel,user117@mail.com,9910886568,M,LA,TX,USA,2024-12-15,Inactive
118,Alice,Smith,user118@mail.com,9551822217,M,NYC,,USA,2024-03-28,Inactive
119,John,Smith,user119@mail.com,9152159194,M,LA,CA,USA,2025-07-26,Active
120,Bob,Patel,user120@mail.com,9949361188,F,NYC,NY,USA,2025-09-20,Inactive
121,,,user121@mail.com,9704659224,M,Dallas,,USA,2025-01-07,Inactive
122,,Patel,user122@mail.com,9158246318,M,NYC,,USA,2025-11-09,Inactive
123,Alice,Lee,user123@mail.com,9357227957,F,Dallas,CA,USA,2025-07-08,Active
124,Alice,,user124@mail.com,9390765302,F,LA,NY,USA,2024-10-14,Active
125,Bob,,user125@mail.com,9104701714,M,LA,CA,USA,2024-12-21,Active
126,Bob,,user126@mail.com,9503558197,M,Dallas,CA,USA,2025-04-15,Active
127,Alice,Smith,user127@mail.com,9757911503,F,Dallas,,USA,2025-01-11,Inactive
128,John,Smith,user128@mail.com,9911241433,F,LA,NY,USA,2025-09-21,Inactive
129,Alice,Patel,user129@mail.com,9260729000,M,LA,CA,USA,2025-10-25,Active
130,John,Smith,user130@mail.com,9169392727,F,Dallas,NY,USA,2024-12-12,Inactive
131,Alice,Lee,user131@mail.com,9766064882,F,LA,CA,USA,2025-11-06,Active
132,Alice,,user132@mail.com,9630450746,F,LA,NY,USA,2024-03-10,Inactive
133,John,,user133@mail.com,,M,LA,NY,USA,2025-02-16,Inactive
134,Alice,Patel,user134@mail.com,9982868521,F,NYC,CA,USA,2025-09-26,Active
135,,,user135@mail.com,9550285182,F,LA,NY,USA,2024-03-31,Inactive
136,Bob,Lee,user136@mail.com,9872808593,M,NYC,NY,USA,2025-01-22,Active
137,Bob,,user137@mail.com,,M,NYC,,USA,2024-03-26,Active
129,Alice,,user129@mail.com,9847145940,M,LA,,USA,2024-08-05,Inactive
139,Alice,Lee,user139@mail.com,9234156423,M,Dallas,NY,USA,2025-01-23,Inactive
140,,Patel,user140@mail.com,9722610284,M,LA,,USA,2024-03-19,Active
141,Alice,Smith,user141@mail.com,9193748989,F,Dallas,,USA,2025-07-09,Active
137,,,user137@mail.com,9601490094,M,NYC,NY,USA,2025-01-21,Inactive
143,,Patel,user143@mail.com,9725618549,F,Dallas,TX,USA,2025-03-15,Inactive
144,Bob,,user144@mail.com,9572780811,M,Dallas,,USA,2025-09-18,Active
145,Bob,,user145@mail.com,,M,LA,,USA,2024-02-22,Inactive
146,Alice,Smith,,9551528654,M,Dallas,,USA,2025-06-07,Active
147,Bob,Smith,user147@mail.com,9601916979,F,Dallas,TX,USA,2024-10-28,Active
130,,,,9343421789,F,NYC,,USA,2025-02-10,Inactive
149,Alice,Lee,user149@mail.com,9911834207,F,NYC,TX,USA,2025-11-15,Inactive
150,John,Smith,user150@mail.com,9737337511,M,LA,CA,USA,2025-03-18,Inactive
151,John,Smith,,9675647558,M,LA,,USA,2025-09-01,Inactive
152,Alice,Smith,user152@mail.com,9544657468,F,Dallas,NY,USA,2025-04-08,Inactive
153,John,Patel,,9271754964,F,NYC,CA,USA,2025-04-21,Active
154,,Smith,user154@mail.com,9745580126,M,Dallas,CA,USA,2024-08-09,Active
155,,,user155@mail.com,9296957562,M,Dallas,,USA,2024-04-17,Active
156,Alice,,user156@mail.com,9722103555,M,LA,CA,USA,2025-03-05,Active
157,Alice,,user157@mail.com,9258521638,M,NYC,CA,USA,2025-09-07,Active
158,,Smith,user158@mail.com,9567899725,M,Dallas,CA,USA,2025-11-28,Inactive
159,Alice,Smith,user159@mail.com,9820623042,M,NYC,NY,USA,2024-11-13,Inactive
160,Bob,Patel,user160@mail.com,,F,LA,CA,USA,2025-06-08,Active
161,Bob,,user161@mail.com,9146669475,M,Dallas,NY,USA,2024-05-21,Active
162,Alice,Smith,user162@mail.com,9235478781,F,LA,TX,USA,2024-04-17,Active
163,Bob,,user163@mail.com,9800443032,F,Dallas,,USA,2024-05-23,Active
164,John,,user164@mail.com,9343695243,M,NYC,,USA,2025-03-12,Active
165,,Patel,user165@mail.com,9111587145,M,Dallas,TX,USA,2025-11-28,Active
166,Alice,,user166@mail.com,9542930337,F,Dallas,NY,USA,2024-05-15,Inactive
167,Alice,Lee,user167@mail.com,9310541708,M,Dallas,,USA,2025-07-22,Active
168,Bob,Smith,user168@mail.com,,M,Dallas,,USA,2024-02-11,Active
169,Alice,Patel,user169@mail.com,,F,LA,CA,USA,2025-11-19,Active
170,Alice,,user170@mail.com,9859246061,M,NYC,,USA,2024-05-15,Inactive
171,,,user171@mail.com,9900274990,F,Dallas,NY,USA,2024-10-30,Inactive
172,,Lee,user172@mail.com,9366130620,M,NYC,,USA,2025-11-08,Inactive
173,Alice,Patel,user173@mail.com,9443155295,F,Dallas,TX,USA,2024-12-30,Inactive
174,,Lee,user174@mail.com,9645704424,F,Dallas,CA,USA,2024-01-30,Active
175,Alice,Smith,,,M,LA,,USA,2025-07-02,Inactive
176,John,Lee,user176@mail.com,9492922805,M,NYC,CA,USA,2024-06-17,Inactive
177,Bob,Patel,user177@mail.com,,F,NYC,TX,USA,2024-09-18,Inactive
178,,Lee,user178@mail.com,9686534676,M,Dallas,NY,USA,2025-06-09,Inactive
179,John,Smith,user179@mail.com,9699970863,M,Dallas,NY,USA,2025-05-05,Active
180,Alice,Lee,user180@mail.com,9635936828,M,NYC,NY,USA,2025-09-05,Inactive
181,Alice,Smith,user181@mail.com,9983314771,M,Dallas,CA,USA,2024-07-10,Active
182,,,user182@mail.com,9384697593,M,NYC,CA,USA,2024-07-25,Active
183,John,,user183@mail.com,9269933789,M,Dallas,NY,USA,2024-01-29,Active
184,Bob,Lee,user184@mail.com,,M,NYC,,USA,2024-06-29,Inactive
185,Alice,Lee,user185@mail.com,,M,NYC,TX,USA,2025-06-06,Inactive
186,John,Lee,user186@mail.com,9991920361,M,Dallas,,USA,2025-02-03,Inactive
187,,Lee,user187@mail.com,9618466820,F,LA,NY,USA,2024-10-02,Active
184,,,user184@mail.com,9195072742,F,LA,NY,USA,2024-12-18,Inactive
189,,Patel,user189@mail.com,9153225163,F,NYC,CA,USA,2025-04-12,Inactive
190,Alice,Lee,user190@mail.com,9456827320,F,NYC,NY,USA,2024-10-10,Active
191,Bob,,user191@mail.com,9290623459,M,Dallas,NY,USA,2024-01-11,Active
192,,Smith,user192@mail.com,9883553983,M,Dallas,CA,USA,2025-08-27,Active
193,,Lee,user193@mail.com,9666057766,F,LA,,USA,2025-11-12,Active
182,Bob,,user182@mail.com,9182282129,M,Dallas,NY,USA,2025-08-21,Inactive
195,Bob,Patel,user195@mail.com,9338369148,M,NYC,NY,USA,2025-01-15,Active
196,,Lee,user196@mail.com,,M,Dallas,TX,USA,2024-03-15,Active
197,Bob,,user197@mail.com,9493299840,M,Dallas,,USA,2024-06-24,Active
198,Bob,Smith,,9774928149,F,LA,CA,USA,2025-02-22,Inactive
199,Alice,Smith,,9354663362,F,LA,,USA,2025-02-23,Active
200,John,Patel,user200@mail.com,9286072134,M,LA,NY,USA,2024-06-26,Inactive
201,Alice,Smith,user201@mail.com,9817410679,F,NYC,CA,USA,2025-04-27,Active
202,,Lee,user202@mail.com,9742079826,M,LA,NY,USA,2024-12-26,Inactive
203,Bob,Lee,user203@mail.com,9765462729,M,Dallas,,USA,2024-06-02,Active
204,John,Lee,user204@mail.com,9434716334,M,Dallas,,USA,2025-04-11,Inactive
205,Bob,Smith,user205@mail.com,9355885720,M,NYC,TX,USA,2024-02-29,Inactive
206,Alice,Patel,user206@mail.com,9521418149,F,NYC,NY,USA,2025-06-05,Active
207,Alice,Patel,user207@mail.com,9727004703,M,LA,TX,USA,2024-10-18,Inactive
208,,Patel,user208@mail.com,9709437777,M,LA,TX,USA,2024-09-21,Active
209,Bob,Patel,user209@mail.com,9972616085,F,NYC,TX,USA,2024-09-21,Active
210,Bob,,user210@mail.com,9953880950,F,NYC,TX,USA,2025-12-01,Active
211,Alice,,user211@mail.com,9342595199,M,Dallas,NY,USA,2024-09-09,Inactive
212,John,Smith,user212@mail.com,,F,LA,TX,USA,2024-08-06,Inactive
213,John,Lee,user213@mail.com,9207033387,M,LA,,USA,2025-06-22,Inactive
214,Bob,,user214@mail.com,9606805274,F,LA,TX,USA,2025-11-04,Active
215,Bob,Patel,user215@mail.com,9116672370,M,LA,,USA,2024-07-27,Inactive
216,Alice,Patel,user216@mail.com,9965951022,M,LA,NY,USA,2025-07-14,Inactive
217,Alice,Lee,user217@mail.com,9824651883,F,Dallas,NY,USA,2025-10-12,Inactive
218,John,Smith,user218@mail.com,9934360162,F,NYC,,USA,2025-01-08,Inactive
213,Bob,,user213@mail.com,9699474460,F,Dallas,NY,USA,2024-02-12,Inactive
220,Bob,Patel,user220@mail.com,9660484443,F,Dallas,,USA,2025-09-20,Inactive
221,John,,user221@mail.com,9359125131,F,LA,TX,USA,2025-03-08,Inactive
222,Bob,Smith,user222@mail.com,9205000300,M,Dallas,TX,USA,2024-09-02,Inactive
223,John,Patel,user223@mail.com,9850896924,M,LA,,USA,2025-09-27,Active
224,Bob,Lee,user224@mail.com,9553141074,M,NYC,,USA,2025-01-04,Inactive
225,,,user225@mail.com,9262504900,M,NYC,,USA,2025-02-28,Active
226,John,Lee,user226@mail.com,9353184943,F,NYC,,USA,2024-01-25,Active
207,Bob,Lee,user207@mail.com,9852633667,M,Dallas,NY,USA,2025-06-11,Active
228,Bob,Patel,user228@mail.com,9850298582,M,NYC,CA,USA,2025-05-20,Active
229,,,user229@mail.com,9621129185,M,Dallas,TX,USA,2025-01-14,Inactive
230,Alice,Lee,user230@mail.com,9453794993,F,NYC,TX,USA,2025-03-29,Active
231,,Smith,user231@mail.com,9215097079,F,LA,CA,USA,2024-12-29,Inactive
232,,,user232@mail.com,9752096985,F,Dallas,CA,USA,2024-01-04,Active
233,Bob,Patel,user233@mail.com,9324524460,M,Dallas,NY,USA,2025-07-20,Inactive
234,,Patel,user234@mail.com,9292385444,M,NYC,,USA,2024-03-11,Inactive
235,Alice,Patel,user235@mail.com,9916547410,M,NYC,,USA,2025-02-26,Active
236,,Patel,user236@mail.com,9306754528,M,LA,TX,USA,2025-10-02,Active
237,Bob,Lee,user237@mail.com,9916596681,F,NYC,CA,USA,2025-03-03,Active
222,Alice,,user222@mail.com,9138551301,F,Dallas,NY,USA,2024-03-20,Active
239,,Smith,user239@mail.com,9375971655,M,LA,TX,USA,2024-09-11,Active
240,John,Smith,user240@mail.com,9519327992,M,Dallas,TX,USA,2025-08-15,Inactive
241,John,Patel,user241@mail.com,9883876521,F,NYC,,USA,2025-08-17,Inactive
242,,,user242@mail.com,9204514635,F,Dallas,CA,USA,2025-04-15,Inactive
243,Alice,Lee,user243@mail.com,9107675050,M,Dallas,NY,USA,2024-08-27,Inactive
244,John,,user244@mail.com,9246830646,F,NYC,NY,USA,2025-11-09,Inactive
245,Bob,Lee,user245@mail.com,9563169878,M,Dallas,NY,USA,2024-04-11,Active
232,Alice,Patel,user232@mail.com,9149476927,M,Dallas,CA,USA,2024-03-29,Active
247,Bob,,user247@mail.com,9908227599,M,NYC,,USA,2025-05-27,Inactive
248,,Lee,user248@mail.com,9916165733,F,LA,CA,USA,2024-07-20,Active
249,Bob,,user249@mail.com,9746186556,F,Dallas,NY,USA,2024-07-15,Inactive
250,Alice,Smith,user250@mail.com,9204422139,M,NYC,TX,USA,2025-08-06,Inactive
251,Alice,Smith,user251@mail.com,9874022131,F,LA,TX,USA,2024-04-14,Inactive
252,,Patel,user252@mail.com,9266213118,M,NYC,,USA,2025-04-16,Active
253,John,Lee,user253@mail.com,9838593123,M,NYC,,USA,2024-02-07,Active
254,,Patel,user254@mail.com,9153443023,M,NYC,CA,USA,2025-01-24,Inactive
255,Alice,Smith,,9234048047,F,NYC,,USA,2025-07-24,Active
256,Alice,Smith,user256@mail.com,9461821569,M,Dallas,CA,USA,2025-08-21,Inactive
254,,Patel,user254@mail.com,9257026659,F,LA,,USA,2024-12-17,Inactive
258,Alice,Patel,user258@mail.com,9516714403,F,LA,,USA,2025-08-12,Active
259,Bob,Smith,user259@mail.com,9818325993,F,LA,NY,USA,2024-11-27,Inactive
260,Bob,Patel,user260@mail.com,9326560650,F,NYC,TX,USA,2025-02-18,Active
261,John,Patel,user261@mail.com,9351466518,M,NYC,CA,USA,2024-03-01,Inactive
262,,Lee,,9812309498,F,LA,CA,USA,2024-10-12,Inactive
263,Alice,,user263@mail.com,,M,NYC,TX,USA,2024-06-24,Inactive
264,Alice,Lee,user264@mail.com,9131171716,M,LA,NY,USA,2024-04-12,Active
265,John,Patel,user265@mail.com,9605904674,M,Dallas,TX,USA,2024-08-31,Inactive
266,Alice,Patel,user266@mail.com,,M,LA,TX,USA,2024-12-19,Active
267,Alice,Smith,user267@mail.com,9707248750,F,NYC,NY,USA,2024-10-26,Inactive
268,Alice,Lee,user268@mail.com,9782282196,F,NYC,TX,USA,2025-01-05,Inactive
269,Bob,,user269@mail.com,9424356366,M,NYC,NY,USA,2024-02-20,Active
270,Bob,,user270@mail.com,9185898798,M,Dallas,NY,USA,2024-10-10,Active
271,Bob,Patel,user271@mail.com,9466850156,M,Dallas,TX,USA,2024-05-22,Active
272,,Patel,user272@mail.com,9517472947,F,LA,,USA,2025-03-27,Inactive
273,John,Smith,user273@mail.com,9972365597,F,Dallas,TX,USA,2024-10-15,Active
274,Alice,Patel,user274@mail.com,9359407318,M,NYC,CA,USA,2025-11-08,Inactive
275,,Patel,user275@mail.com,9567590143,M,NYC,TX,USA,2025-10-02,Active
275,,Patel,user275@mail.com,9475580625,F,Dallas,NY,USA,2025-02-02,Inactive
277,Bob,Patel,user277@mail.com,9233071623,F,Dallas,CA,USA,2025-01-30,Active
278,Alice,Lee,user278@mail.com,9476591145,F,LA,CA,USA,2024-05-17,Inactive
279,Alice,Patel,user279@mail.com,9875645540,F,Dallas,NY,USA,2025-07-23,Active
280,Alice,Patel,user280@mail.com,9150390687,F,LA,NY,USA,2025-10-05,Active
281,Bob,,user281@mail.com,9857210232,M,NYC,TX,USA,2025-07-30,Inactive
282,,Patel,user282@mail.com,9275163121,M,LA,,USA,2024-03-11,Active
283,Alice,Patel,user283@mail.com,,F,NYC,TX,USA,2024-11-12,Inactive
284,Alice,Smith,user284@mail.com,9532002302,M,NYC,NY,USA,2025-03-07,Active
285,John,,user285@mail.com,9330158560,M,LA,NY,USA,2025-08-12,Active
286,Bob,Lee,user286@mail.com,9478928491,M,NYC,CA,USA,2024-08-02,Inactive
287,Alice,Patel,user287@mail.com,9446949011,F,NYC,TX,USA,2025-01-02,Active
288,Bob,Smith,,,M,LA,NY,USA,2024-07-10,Active
289,Alice,,user289@mail.com,9679450233,M,LA,CA,USA,2024-09-21,Inactive
290,John,Smith,user290@mail.com,9603976877,F,Dallas,TX,USA,2024-04-16,Active
291,John,Patel,user291@mail.com,9451205213,M,NYC,NY,USA,2025-06-05,Inactive
292,Alice,Lee,user292@mail.com,9842484079,M,NYC,CA,USA,2025-05-15,Inactive
293,,,user293@mail.com,9798275616,F,LA,TX,USA,2025-03-07,Inactive
294,,Smith,user294@mail.com,9810157266,M,NYC,CA,USA,2024-03-01,Inactive
295,Alice,Smith,user295@mail.com,9397705578,M,NYC,NY,USA,2024-10-04,Active
296,Bob,Patel,user296@mail.com,9465170779,F,Dallas,CA,USA,2025-06-29,Inactive
297,John,Patel,user297@mail.com,9988865501,M,LA,,USA,2025-09-11,Active
298,Bob,Patel,user298@mail.com,9705366680,M,Dallas,CA,USA,2024-11-01,Active
299,,Patel,user299@mail.com,9558310532,F,LA,NY,USA,2025-07-15,Active
300,Bob,,user300@mail.com,9814167217,F,LA,CA,USA,2025-02-13,Inactive
301,,,user301@mail.com,9341285455,M,LA,,USA,2024-04-20,Inactive
302,Alice,Lee,user302@mail.com,9344258153,M,Dallas,CA,USA,2025-02-09,Inactive
303,Bob,,user303@mail.com,9763677016,M,NYC,NY,USA,2025-06-28,Inactive
304,Bob,Lee,user304@mail.com,9381816871,F,LA,CA,USA,2025-05-27,Inactive
305,,,user305@mail.com,9320683894,M,NYC,,USA,2025-09-23,Inactive
306,Alice,,user306@mail.com,9922060588,M,Dallas,CA,USA,2024-07-28,Inactive
307,John,Lee,user307@mail.com,9919462313,M,LA,CA,USA,2024-02-02,Active
308,Alice,Smith,user308@mail.com,9725856665,M,LA,,USA,2025-06-15,Active
293,Bob,,user293@mail.com,9128579265,M,Dallas,CA,USA,2024-02-17,Active
310,,Lee,user310@mail.com,9766687521,F,NYC,,USA,2025-07-01,Inactive
311,Bob,Patel,,9568359271,M,NYC,TX,USA,2024-07-30,Active
312,Alice,Lee,user312@mail.com,9392682164,M,LA,NY,USA,2025-05-07,Active
313,,,user313@mail.com,9388701345,F,NYC,,USA,2025-01-01,Active
314,Bob,,user314@mail.com,9703609594,F,NYC,NY,USA,2024-02-27,Inactive
315,Alice,Smith,user315@mail.com,9862460729,M,NYC,CA,USA,2024-12-27,Active
316,John,Lee,user316@mail.com,9343395443,F,NYC,CA,USA,2024-01-24,Inactive
317,Bob,Patel,user317@mail.com,,M,NYC,CA,USA,2024-08-09,Inactive
318,Alice,Lee,user318@mail.com,9679580792,F,LA,CA,USA,2025-05-22,Active
319,Alice,Smith,user319@mail.com,9653477940,M,NYC,NY,USA,2025-02-13,Inactive
320,Bob,Patel,user320@mail.com,9732289762,F,Dallas,NY,USA,2025-04-15,Active
321,John,Lee,user321@mail.com,9234475324,M,Dallas,NY,USA,2024-03-06,Active
322,Alice,Lee,user322@mail.com,9601046461,M,Dallas,,USA,2025-06-17,Inactive
323,John,Smith,user323@mail.com,9416415033,F,NYC,TX,USA,2024-03-20,Active
324,,Lee,user324@mail.com,9329329300,M,Dallas,CA,USA,2025-04-14,Inactive
325,Alice,Smith,user325@mail.com,9263182198,F,NYC,NY,USA,2024-10-16,Active
326,,Patel,user326@mail.com,9924132534,F,LA,TX,USA,2024-04-25,Inactive
327,,Smith,user327@mail.com,9740158533,M,NYC,NY,USA,2025-01-25,Inactive
328,John,Smith,,9307062481,M,LA,TX,USA,2025-02-19,Inactive
329,Bob,Patel,user329@mail.com,9212292315,M,NYC,NY,USA,2024-12-12,Inactive
330,,Patel,user330@mail.com,9147334173,M,NYC,NY,USA,2024-05-15,Active
331,Alice,,user331@mail.com,9565633038,F,Dallas,,USA,2025-09-18,Active
332,,Lee,user332@mail.com,9144685043,F,LA,NY,USA,2025-08-13,Inactive
333,,Patel,user333@mail.com,9399989402,F,NYC,,USA,2024-03-21,Inactive
334,Alice,Lee,user334@mail.com,9814129596,M,NYC,TX,USA,2024-03-22,Inactive
335,,Patel,,9901325679,F,Dallas,TX,USA,2024-10-12,Active
336,Bob,Patel,user336@mail.com,9445766897,F,NYC,TX,USA,2024-06-20,Active
337,Alice,,user337@mail.com,9387584164,M,LA,NY,USA,2024-10-24,Inactive
338,John,Lee,user338@mail.com,9629014514,M,NYC,TX,USA,2025-05-17,Inactive
339,John,,,9182896437,M,Dallas,,USA,2024-12-16,Active
333,John,Lee,user333@mail.com,9931253870,M,LA,NY,USA,2024-02-06,Active
341,Bob,,user341@mail.com,9127761618,M,Dallas,TX,USA,2024-01-28,Active
342,Alice,Smith,user342@mail.com,9289618386,M,LA,,USA,2024-03-13,Inactive
343,Bob,,user343@mail.com,9684849631,F,Dallas,,USA,2024-10-24,Inactive
344,Bob,Lee,user344@mail.com,9436374555,F,LA,NY,USA,2024-09-23,Inactive
345,Alice,Smith,user345@mail.com,9212538214,F,LA,NY,USA,2025-01-29,Inactive
346,Bob,,user346@mail.com,9135438404,M,LA,CA,USA,2025-02-20,Active
347,Bob,Patel,user347@mail.com,9958670037,F,NYC,,USA,2024-07-30,Inactive
348,,,user348@mail.com,9542933634,F,Dallas,NY,USA,2024-11-16,Active
349,,Lee,user349@mail.com,9188151705,M,Dallas,,USA,2025-01-29,Active
350,,Smith,user350@mail.com,9494889769,M,Dallas,NY,USA,2025-03-18,Inactive
351,John,Smith,user351@mail.com,9807442045,M,Dallas,,USA,2024-10-25,Inactive
352,John,Smith,user352@mail.com,,M,LA,NY,USA,2025-03-07,Active
353,Bob,Lee,user353@mail.com,9900561207,M,LA,TX,USA,2025-09-12,Inactive
354,John,Patel,user354@mail.com,9494262353,M,NYC,CA,USA,2024-08-19,Active
355,John,Smith,,9357339570,M,LA,CA,USA,2025-05-28,Active
356,Alice,Smith,user356@mail.com,9447287536,F,NYC,,USA,2024-03-09,Active
357,Bob,Patel,user357@mail.com,9404624002,M,Dallas,TX,USA,2024-11-08,Active
358,Bob,Lee,user358@mail.com,9775679650,M,Dallas,,USA,2025-11-28,Active
359,,Smith,,9719209817,F,LA,TX,USA,2025-11-01,Inactive
360,Alice,Smith,user360@mail.com,9181043504,F,LA,TX,USA,2024-04-05,Active
361,Bob,,user361@mail.com,9765502429,F,Dallas,,USA,2024-07-11,Inactive
362,Alice,Patel,user362@mail.com,,M,Dallas,NY,USA,2024-08-20,Inactive
363,,Patel,user363@mail.com,9331786150,F,LA,NY,USA,2024-12-04,Active
364,John,,user364@mail.com,9369879717,F,Dallas,,USA,2025-03-02,Active
365,,Lee,user365@mail.com,9681455272,M,NYC,,USA,2025-04-23,Inactive
366,John,Lee,user366@mail.com,9588047256,F,LA,CA,USA,2024-01-08,Active
367,John,Patel,user367@mail.com,9536546902,F,NYC,TX,USA,2025-11-28,Active
368,Alice,Patel,user368@mail.com,9428754567,M,LA,NY,USA,2024-08-20,Active
369,Bob,Patel,user369@mail.com,9363032104,M,Dallas,NY,USA,2025-10-20,Inactive
370,,Lee,user370@mail.com,9553452724,F,NYC,NY,USA,2024-08-22,Inactive
371,Bob,Lee,user371@mail.com,9557558783,M,NYC,TX,USA,2024-10-20,Active
372,Bob,Patel,user372@mail.com,9107500740,F,LA,,USA,2025-01-16,Inactive
373,John,,user373@mail.com,9275245713,F,Dallas,,USA,2024-10-27,Active
374,Alice,Lee,user374@mail.com,9124561697,F,LA,CA,USA,2025-03-08,Inactive
375,Alice,,user375@mail.com,9874690133,M,Dallas,TX,USA,2025-01-15,Active
376,Alice,Lee,user376@mail.com,9163263459,F,Dallas,CA,USA,2025-03-19,Inactive
377,Bob,Smith,user377@mail.com,,M,NYC,,USA,2024-10-27,Inactive
378,Bob,Smith,user378@mail.com,9727040906,F,NYC,NY,USA,2024-03-21,Active
379,,Smith,user379@mail.com,9779130103,M,LA,TX,USA,2025-05-16,Inactive
380,Bob,Smith,,9448387153,F,Dallas,TX,USA,2024-06-30,Active
381,John,Patel,user381@mail.com,9330863535,F,LA,,USA,2025-11-01,Active
382,Bob,,user382@mail.com,,F,LA,NY,USA,2025-04-25,Inactive
383,,Smith,user383@mail.com,9891164596,F,Dallas,NY,USA,2024-09-01,Inactive
384,Bob,Smith,user384@mail.com,9601757644,M,NYC,TX,USA,2024-01-23,Active
383,John,Lee,user383@mail.com,9446261498,F,NYC,NY,USA,2024-12-15,Inactive
386,John,,user386@mail.com,9821300595,F,Dallas,NY,USA,2024-05-24,Inactive
387,Bob,Smith,user387@mail.com,9393560527,F,LA,,USA,2024-09-03,Active
388,John,Patel,user388@mail.com,9618800456,F,NYC,CA,USA,2025-09-23,Inactive
389,,,user389@mail.com,9802587088,F,NYC,TX,USA,2025-08-04,Inactive
390,Bob,Lee,user390@mail.com,9443666409,M,LA,CA,USA,2025-08-18,Active
391,Bob,Smith,user391@mail.com,9459711774,F,Dallas,CA,USA,2024-12-05,Inactive
392,John,,user392@mail.com,9900423176,F,Dallas,CA,USA,2024-03-15,Inactive
393,,Lee,user393@mail.com,9189040446,M,Dallas,NY,USA,2024-09-06,Active
394,Alice,Smith,user394@mail.com,9737582415,F,Dallas,NY,USA,2025-10-14,Inactive
395,,Smith,user395@mail.com,9570964821,F,NYC,TX,USA,2024-05-04,Inactive
396,Bob,,user396@mail.com,9379579162,M,Dallas,TX,USA,2025-01-29,Active
397,Bob,Lee,user397@mail.com,9482481443,M,LA,CA,USA,2025-11-01,Active
398,Bob,Patel,user398@mail.com,9561971922,F,Dallas,,USA,2024-03-14,Active
399,John,Lee,user399@mail.com,9813807411,F,NYC,TX,USA,2025-02-28,Inactive
400,John,Patel,user400@mail.com,9475417111,M,NYC,TX,USA,2024-10-13,Active
401,Bob,Lee,user401@mail.com,9715148963,F,NYC,NY,USA,2025-01-17,Active
402,Bob,Smith,user402@mail.com,9903741903,F,NYC,CA,USA,2025-03-26,Active
403,John,,user403@mail.com,9333793846,F,NYC,CA,USA,2024-07-12,Inactive
404,Alice,Lee,user404@mail.com,9481051910,M,Dallas,,USA,2024-09-01,Inactive
405,Bob,Lee,user405@mail.com,,F,Dallas,TX,USA,2024-12-07,Active
406,Bob,Patel,user406@mail.com,9910391980,M,LA,TX,USA,2025-10-29,Active
407,,Lee,user407@mail.com,9824258213,M,NYC,,USA,2024-01-12,Inactive
408,John,,user408@mail.com,9234334993,F,Dallas,NY,USA,2024-10-30,Inactive
409,John,Patel,user409@mail.com,9988832629,M,Dallas,TX,USA,2024-01-16,Inactive
410,,Smith,user410@mail.com,9289775070,F,LA,TX,USA,2024-07-04,Active
411,Alice,Patel,user411@mail.com,9520633742,F,Dallas,,USA,2024-05-31,Active
412,Alice,Smith,user412@mail.com,9782014352,F,LA,,USA,2025-11-06,Active
413,Alice,Smith,user413@mail.com,9491892654,M,NYC,NY,USA,2025-05-18,Inactive
414,Alice,,user414@mail.com,9498631140,F,LA,NY,USA,2025-01-24,Active
415,John,Patel,user415@mail.com,9695505391,M,LA,CA,USA,2025-03-27,Inactive
416,John,Lee,user416@mail.com,9200838323,M,Dallas,TX,USA,2025-09-30,Inactive
417,,,user417@mail.com,9816187485,M,LA,,USA,2025-11-10,Inactive
418,Bob,,user418@mail.com,9370670724,F,Dallas,TX,USA,2025-11-10,Inactive
419,Alice,,user419@mail.com,9206111445,F,Dallas,CA,USA,2024-04-03,Inactive
420,Alice,Smith,user420@mail.com,9675982393,F,Dallas,NY,USA,2024-09-04,Active
421,John,Lee,user421@mail.com,9278732914,M,Dallas,CA,USA,2024-05-23,Active
422,,Lee,user422@mail.com,9918848030,M,Dallas,CA,USA,2025-07-22,Active
423,Bob,,user423@mail.com,9967156518,M,NYC,,USA,2024-02-23,Inactive
424,Bob,Smith,user424@mail.com,9705207430,F,LA,CA,USA,2025-03-15,Active
425,,Smith,user425@mail.com,9306725552,F,LA,NY,USA,2025-11-08,Inactive
426,Alice,Patel,user426@mail.com,9665141163,F,Dallas,NY,USA,2025-10-27,Active
427,Alice,Lee,user427@mail.com,9494162478,F,Dallas,,USA,2024-12-10,Active
428,,Smith,user428@mail.com,9177304914,M,LA,,USA,2024-08-08,Active
429,Bob,,user429@mail.com,9638585184,F,NYC,,USA,2025-05-10,Active
430,Alice,,user430@mail.com,9658883268,F,LA,NY,USA,2025-08-08,Inactive
431,Alice,Smith,user431@mail.com,9364809086,F,NYC,CA,USA,2024-06-02,Inactive
432,Bob,Smith,user432@mail.com,9879841730,F,NYC,,USA,2025-04-30,Active
433,,,user433@mail.com,9729303640,M,Dallas,NY,USA,2024-10-31,Active
434,Bob,Lee,user434@mail.com,,F,LA,TX,USA,2025-01-15,Active
435,Bob,,user435@mail.com,9773584007,F,Dallas,CA,USA,2025-02-22,Active
436,Bob,Lee,user436@mail.com,9337696561,M,Dallas,CA,USA,2025-03-05,Active
437,Bob,Lee,,9286204542,F,LA,TX,USA,2024-06-14,Active
438,,Smith,user438@mail.com,,M,LA,NY,USA,2025-06-24,Inactive
439,Alice,Lee,user439@mail.com,9540100494,M,Dallas,TX,USA,2024-05-20,Inactive
440,John,Patel,user440@mail.com,9394222511,M,Dallas,CA,USA,2024-01-19,Active
441,Alice,Patel,user441@mail.com,9326430549,M,Dallas,NY,USA,2024-05-17,Inactive
442,John,Patel,user442@mail.com,9784204705,M,Dallas,TX,USA,2024-02-29,Active
443,,Lee,user443@mail.com,9940592803,M,Dallas,,USA,2025-04-11,Active
444,John,Lee,user444@mail.com,9370295174,M,Dallas,CA,USA,2024-11-02,Active
445,John,Patel,user445@mail.com,9566000739,M,LA,,USA,2024-08-16,Active
446,Bob,Patel,,9950367563,M,Dallas,NY,USA,2024-12-17,Inactive
447,Alice,Lee,user447@mail.com,9497677421,M,LA,,USA,2024-04-05,Inactive
448,,Patel,user448@mail.com,9419531203,M,Dallas,,USA,2024-07-25,Active
449,,Smith,user449@mail.com,9542122598,M,NYC,TX,USA,2024-08-21,Active
450,Bob,Smith,user450@mail.com,9392783203,F,NYC,CA,USA,2025-04-15,Active
444,Bob,Patel,user444@mail.com,9527625454,F,LA,TX,USA,2025-07-08,Inactive
452,Alice,,user452@mail.com,9404080871,F,Dallas,,USA,2024-04-07,Inactive
453,John,,user453@mail.com,,M,LA,TX,USA,2025-04-26,Inactive
454,Bob,Lee,user454@mail.com,9610236182,M,LA,NY,USA,2025-01-03,Active
455,,Patel,user455@mail.com,9734094352,F,Dallas,TX,USA,2025-06-22,Active
456,,Patel,user456@mail.com,9829873840,F,NYC,NY,USA,2025-05-08,Inactive
457,Bob,Patel,user457@mail.com,9503219324,M,NYC,CA,USA,2025-09-29,Active
458,Alice,,user458@mail.com,9944842334,M,Dallas,,USA,2024-01-27,Active
459,,Lee,user459@mail.com,9414725360,F,LA,,USA,2025-08-07,Inactive
460,,,user460@mail.com,,F,Dallas,NY,USA,2024-02-04,Inactive
461,,Lee,user461@mail.com,9506673573,M,Dallas,TX,USA,2025-01-31,Active
462,Alice,Patel,user462@mail.com,9721207515,F,NYC,TX,USA,2025-05-13,Active
463,,,user463@mail.com,9738249429,M,Dallas,CA,USA,2024-04-01,Active
464,John,Patel,user464@mail.com,9255477445,F,LA,NY,USA,2024-08-30,Inactive
465,,,user465@mail.com,9387301227,M,NYC,NY,USA,2025-11-11,Active
466,John,Lee,user466@mail.com,9230668464,M,LA,,USA,2024-09-11,Active
467,,Lee,user467@mail.com,9967932830,F,LA,,USA,2024-03-21,Active
468,John,Lee,user468@mail.com,9238112146,F,NYC,TX,USA,2025-02-12,Active
469,Bob,Smith,user469@mail.com,9596886379,F,LA,TX,USA,2024-10-15,Inactive
470,John,Smith,user470@mail.com,9101611302,M,Dallas,,USA,2024-08-02,Inactive
471,Bob,Smith,user471@mail.com,,M,NYC,TX,USA,2025-10-30,Inactive
472,Bob,Patel,user472@mail.com,9828192675,F,LA,CA,USA,2024-01-19,Inactive
473,John,Smith,user473@mail.com,9681888652,F,Dallas,TX,USA,2024-12-30,Inactive
474,Alice,Lee,user474@mail.com,9759174104,F,LA,NY,USA,2025-11-01,Active
475,Bob,Patel,user475@mail.com,9442711253,M,NYC,CA,USA,2024-09-07,Inactive
476,Bob,Patel,user476@mail.com,9471469108,M,LA,NY,USA,2025-11-01,Active
477,Bob,,user477@mail.com,9922451010,F,Dallas,NY,USA,2024-02-15,Active
478,Bob,Smith,user478@mail.com,9430422257,F,NYC,,USA,2024-11-21,Active
479,,Lee,user479@mail.com,9862217954,M,Dallas,,USA,2025-02-11,Inactive
480,John,,user480@mail.com,9448261580,F,Dallas,,USA,2025-01-08,Inactive
481,John,Lee,user481@mail.com,9131670356,M,NYC,NY,USA,2025-10-18,Inactive
482,John,Lee,user482@mail.com,9408852642,F,LA,,USA,2025-11-22,Inactive
483,John,Patel,user483@mail.com,9974834933,M,LA,,USA,2025-06-15,Active
484,Alice,Patel,user484@mail.com,9388112321,F,Dallas,CA,USA,2025-09-30,Active
485,Alice,,user485@mail.com,9978450892,F,LA,NY,USA,2025-07-21,Inactive
486,John,,user486@mail.com,9734371888,M,Dallas,CA,USA,2024-12-01,Inactive
487,John,Smith,user487@mail.com,9741719224,M,Dallas,,USA,2025-04-20,Active
488,Alice,Smith,user488@mail.com,9876068601,F,NYC,TX,USA,2025-11-22,Inactive
489,Bob,,user489@mail.com,9148423822,M,Dallas,NY,USA,2025-01-09,Inactive
490,,Patel,,9815265427,F,NYC,TX,USA,2025-07-09,Inactive
491,Alice,Lee,user491@mail.com,9413183944,F,NYC,,USA,2025-01-26,Inactive
492,,,user492@mail.com,9895279810,F,Dallas,,USA,2025-10-06,Active
493,John,Patel,user493@mail.com,9773928235,F,NYC,NY,USA,2025-10-31,Inactive
494,,,user494@mail.com,9641243415,F,NYC,CA,USA,2024-05-10,Active
495,,,user495@mail.com,9329042572,M,LA,CA,USA,2024-04-25,Active
496,,Lee,user496@mail.com,9795584857,F,NYC,NY,USA,2025-05-11,Inactive
481,Alice,Lee,user481@mail.com,9592949674,F,Dallas,NY,USA,2024-12-26,Inactive
498,Alice,Patel,user498@mail.com,9558396189,F,LA,NY,USA,2025-01-23,Inactive
499,Bob,Patel,user499@mail.com,9401318439,M,LA,CA,USA,2025-10-23,Active
500,,,user500@mail.com,9747179464,F,NYC,NY,USA,2024-03-07,Inactive
501,John,Patel,user501@mail.com,9532682063,M,NYC,TX,USA,2024-09-14,Inactive
502,John,Patel,,9657619562,F,NYC,,USA,2024-02-15,Inactive
503,,Smith,user503@mail.com,,M,LA,,USA,2024-03-05,Active
504,John,Patel,user504@mail.com,9658078845,F,LA,NY,USA,2024-07-08,Active
505,Alice,Lee,user505@mail.com,9350090607,M,NYC,CA,USA,2025-08-21,Inactive
506,,Patel,user506@mail.com,9936967724,M,LA,CA,USA,2024-11-27,Inactive
507,Bob,Patel,user507@mail.com,9689786431,F,NYC,CA,USA,2024-02-11,Active
508,John,Smith,user508@mail.com,9586375430,M,LA,,USA,2024-03-06,Active
509,Alice,Lee,user509@mail.com,9106783134,F,LA,CA,USA,2024-09-28,Active
510,Alice,,user510@mail.com,9513432342,F,NYC,TX,USA,2024-04-24,Active
511,Bob,,user511@mail.com,9356301102,M,Dallas,NY,USA,2024-07-17,Inactive
512,Bob,Lee,user512@mail.com,9906192951,M,Dallas,NY,USA,2025-03-30,Inactive
513,John,Smith,user513@mail.com,,M,NYC,NY,USA,2025-05-05,Inactive
514,John,Lee,user514@mail.com,,F,LA,TX,USA,2025-07-28,Inactive
515,Bob,Lee,user515@mail.com,9954726833,M,Dallas,TX,USA,2025-03-05,Active
516,Bob,,user516@mail.com,9963168447,M,Dallas,NY,USA,2024-06-30,Inactive
517,,Patel,user517@mail.com,9740372902,F,LA,,USA,2024-08-19,Active
506,,Lee,user506@mail.com,9322153518,F,NYC,NY,USA,2024-09-13,Active
519,Bob,Smith,user519@mail.com,9573400631,F,Dallas,,USA,2025-01-15,Active
520,Bob,Patel,user520@mail.com,9330184943,M,LA,CA,USA,2025-02-25,Active
521,John,Smith,user521@mail.com,9663530879,M,LA,NY,USA,2024-02-16,Inactive
522,Bob,Patel,user522@mail.com,9303089009,F,Dallas,TX,USA,2024-08-10,Inactive
523,John,Smith,user523@mail.com,9162244584,M,LA,TX,USA,2025-10-04,Inactive
524,,Lee,user524@mail.com,9386383900,M,LA,NY,USA,2024-10-17,Active
525,John,Patel,user525@mail.com,9422886565,F,LA,CA,USA,2024-01-14,Active
526,,Smith,user526@mail.com,9424320957,M,Dallas,CA,USA,2025-11-11,Inactive
527,Alice,Patel,user527@mail.com,9194822975,M,NYC,CA,USA,2025-10-12,Active
528,,Smith,user528@mail.com,9137501656,M,Dallas,,USA,2024-03-20,Inactive
529,Bob,Lee,user529@mail.com,9711556498,M,Dallas,TX,USA,2025-04-16,Inactive
530,Bob,Smith,user530@mail.com,9236923832,M,Dallas,NY,USA,2025-02-15,Inactive
520,John,Lee,user520@mail.com,9458855777,M,NYC,,USA,2024-09-02,Active
532,,Patel,user532@mail.com,9331394282,M,LA,,USA,2025-06-26,Active
533,John,Lee,user533@mail.com,9486991062,M,NYC,CA,USA,2025-11-23,Inactive
534,John,Lee,user534@mail.com,9437945583,M,Dallas,NY,USA,2025-10-07,Active
535,,Lee,user535@mail.com,9432633123,M,NYC,,USA,2024-10-16,Active
536,John,Smith,user536@mail.com,9801648907,M,Dallas,,USA,2025-10-03,Inactive
537,Alice,Lee,user537@mail.com,9551976386,F,Dallas,NY,USA,2024-01-16,Active
538,John,,user538@mail.com,9620283797,F,Dallas,,USA,2025-11-11,Inactive
539,John,Lee,user539@mail.com,9872528331,F,Dallas,CA,USA,2025-02-12,Inactive
540,John,,user540@mail.com,9539309750,M,LA,CA,USA,2025-01-28,Inactive
541,Bob,,user541@mail.com,9350887977,M,Dallas,TX,USA,2024-10-03,Active
542,Bob,Lee,user542@mail.com,9135997053,M,Dallas,,USA,2024-04-17,Active
543,,Smith,user543@mail.com,9370846977,F,NYC,NY,USA,2024-03-23,Active
528,Alice,,user528@mail.com,9216284615,F,LA,,USA,2024-11-08,Inactive
545,Bob,Smith,user545@mail.com,9695499545,F,LA,NY,USA,2025-09-07,Inactive
546,Alice,Patel,user546@mail.com,,M,NYC,CA,USA,2025-04-11,Inactive
547,,Lee,,9826677833,F,LA,TX,USA,2024-11-25,Active
548,Alice,Smith,user548@mail.com,,F,NYC,TX,USA,2024-04-25,Inactive
549,John,Lee,,9415274202,F,NYC,CA,USA,2024-08-20,Active
550,Bob,,user550@mail.com,9258158732,M,LA,CA,USA,2025-11-21,Active
551,John,Patel,user551@mail.com,9458321508,M,LA,,USA,2025-05-24,Active
552,,Lee,user552@mail.com,9429065914,F,Dallas,NY,USA,2025-06-30,Inactive
553,Bob,Lee,user553@mail.com,9707583859,M,LA,NY,USA,2024-01-18,Inactive
554,John,Patel,user554@mail.com,9622792813,F,Dallas,NY,USA,2025-11-17,Inactive
555,Alice,Patel,user555@mail.com,9555444801,M,LA,TX,USA,2024-02-05,Active
556,,Patel,,9127309865,M,LA,TX,USA,2024-11-05,Active
557,Bob,Lee,user557@mail.com,9190223260,F,LA,TX,USA,2024-09-25,Inactive
558,Bob,Patel,user558@mail.com,9759738381,F,Dallas,,USA,2025-03-28,Active
559,,Lee,user559@mail.com,9595479318,M,Dallas,,USA,2024-01-09,Active
560,,Smith,user560@mail.com,9947778731,F,Dallas,NY,USA,2025-03-30,Inactive
561,Bob,Patel,user561@mail.com,9430831453,F,NYC,CA,USA,2024-06-10,Active
562,Bob,Lee,user562@mail.com,9743858667,F,NYC,TX,USA,2024-01-26,Active
563,John,Patel,user563@mail.com,,M,Dallas,CA,USA,2024-05-08,Active
564,Alice,Patel,user564@mail.com,9522481595,M,Dallas,,USA,2024-05-08,Active
565,,Smith,user565@mail.com,9367984181,F,NYC,TX,USA,2024-01-21,Active
566,John,,user566@mail.com,9849198022,M,LA,,USA,2024-05-09,Inactive
567,Alice,,user567@mail.com,9716674871,M,LA,TX,USA,2025-05-31,Inactive
568,Bob,Lee,user568@mail.com,9862910044,F,NYC,,USA,2024-04-20,Active
569,John,Smith,user569@mail.com,9780749496,F,NYC,TX,USA,2024-03-29,Active
570,Bob,Smith,user570@mail.com,9984737612,F,Dallas,CA,USA,2024-03-14,Inactive
571,Alice,,,9822555244,F,Dallas,CA,USA,2025-04-10,Inactive
572,Bob,Patel,user572@mail.com,9455215670,F,Dallas,NY,USA,2024-05-14,Inactive
573,Bob,,,9531809951,F,NYC,,USA,2025-03-31,Active
574,Bob,Patel,user574@mail.com,9831426419,F,NYC,NY,USA,2024-05-20,Inactive
575,,Patel,user575@mail.com,9481738885,M,LA,NY,USA,2025-07-30,Active
576,,Lee,user576@mail.com,9558326481,F,Dallas,TX,USA,2024-09-03,Inactive
577,John,Smith,user577@mail.com,9205146363,F,NYC,,USA,2024-08-20,Active
578,Alice,Patel,user578@mail.com,9720082441,M,Dallas,TX,USA,2024-06-01,Inactive
579,Alice,Lee,user579@mail.com,,F,NYC,,USA,2024-02-04,Inactive
580,Bob,Lee,user580@mail.com,9145628518,M,NYC,TX,USA,2024-09-19,Active
581,,Patel,user581@mail.com,9927791867,M,Dallas,CA,USA,2024-08-23,Inactive
564,Bob,Lee,user564@mail.com,9316083001,M,Dallas,NY,USA,2024-04-15,Inactive
583,Bob,Lee,user583@mail.com,9357112870,F,LA,CA,USA,2024-10-23,Inactive
584,,Patel,user584@mail.com,9384032921,F,Dallas,NY,USA,2025-07-11,Inactive
585,,Lee,user585@mail.com,9226374223,M,LA,NY,USA,2025-11-26,Active
586,Bob,Lee,user586@mail.com,9587685241,F,NYC,,USA,2024-10-16,Inactive
587,,Patel,user587@mail.com,9860129091,M,NYC,CA,USA,2024-08-15,Active
588,Bob,Lee,user588@mail.com,9741680532,F,Dallas,CA,USA,2025-07-30,Inactive
589,,Lee,user589@mail.com,9395169563,M,NYC,NY,USA,2025-11-20,Inactive
590,John,Lee,user590@mail.com,9503563561,M,NYC,,USA,2025-06-04,Active
591,,Smith,user591@mail.com,9972208781,F,LA,NY,USA,2025-01-09,Inactive
592,Bob,Smith,user592@mail.com,9115816573,F,NYC,CA,USA,2025-01-18,Active
593,Bob,Patel,user593@mail.com,9299347564,F,Dallas,,USA,2025-10-31,Inactive
594,Bob,Patel,user594@mail.com,9613634654,F,NYC,TX,USA,2025-09-29,Inactive
595,Alice,Patel,user595@mail.com,,F,NYC,TX,USA,2025-09-23,Inactive
596,Bob,Patel,user596@mail.com,9206829548,F,NYC,TX,USA,2024-01-10,Active
597,,Patel,user597@mail.com,9582486616,F,Dallas,,USA,2024-03-19,Active
598,,Smith,user598@mail.com,9737696442,M,Dallas,,USA,2025-09-30,Inactive
599,John,Patel,user599@mail.com,9628912310,M,NYC,CA,USA,2024-12-14,Inactive
600,Bob,Patel,user600@mail.com,9908240272,M,Dallas,NY,USA,2025-05-29,Active
601,Alice,Patel,user601@mail.com,9176941053,M,LA,CA,USA,2024-09-23,Active
602,Bob,,user602@mail.com,9886357206,F,NYC,TX,USA,2025-04-03,Inactive
603,Bob,,user603@mail.com,9911748714,F,NYC,NY,USA,2025-06-28,Active
604,Bob,Patel,user604@mail.com,9625258226,M,LA,TX,USA,2024-08-25,Inactive
605,Bob,,user605@mail.com,9468883511,F,Dallas,TX,USA,2024-02-14,Active
606,,Smith,user606@mail.com,9805650717,F,NYC,CA,USA,2025-03-16,Active
607,Alice,Lee,user607@mail.com,9892431364,M,Dallas,TX,USA,2024-05-19,Active
608,,Patel,user608@mail.com,9370247344,F,LA,CA,USA,2024-01-20,Inactive
609,,Patel,user609@mail.com,9386893192,M,Dallas,,USA,2025-04-28,Inactive
610,Alice,Smith,user610@mail.com,9629458669,M,LA,NY,USA,2024-10-08,Inactive
611,John,Patel,user611@mail.com,9739727041,F,LA,CA,USA,2024-06-20,Active
612,,Lee,user612@mail.com,9359115611,F,LA,NY,USA,2024-09-01,Active
613,Alice,Patel,user613@mail.com,9196761916,M,LA,,USA,2024-08-10,Active
614,John,Patel,user614@mail.com,9987385611,M,NYC,,USA,2024-10-28,Inactive
615,John,Patel,user615@mail.com,9734596931,F,LA,TX,USA,2025-03-27,Active
616,John,Lee,user616@mail.com,9915460107,F,LA,TX,USA,2025-01-06,Inactive
617,Bob,,user617@mail.com,9252481271,F,NYC,NY,USA,2025-11-27,Inactive
618,John,Patel,user618@mail.com,9140692253,M,LA,TX,USA,2024-05-03,Inactive
619,,,user619@mail.com,9216409577,F,NYC,TX,USA,2025-05-12,Inactive
620,John,Lee,user620@mail.com,9212831837,M,Dallas,TX,USA,2024-07-23,Active
621,Bob,Lee,user621@mail.com,9940939461,F,LA,,USA,2025-05-06,Active
622,John,Smith,user622@mail.com,9118433726,M,LA,TX,USA,2025-06-26,Inactive
623,Alice,Patel,user623@mail.com,9463274658,M,Dallas,TX,USA,2025-03-23,Active
624,,Patel,user624@mail.com,9102214521,M,NYC,CA,USA,2024-09-28,Active
625,Bob,Patel,user625@mail.com,9785324872,F,NYC,CA,USA,2024-03-23,Active
626,Alice,Patel,user626@mail.com,9896083968,F,Dallas,TX,USA,2024-10-04,Active
627,Alice,,user627@mail.com,9146096398,F,LA,TX,USA,2025-02-19,Inactive
628,,,user628@mail.com,9822093963,F,Dallas,CA,USA,2024-04-23,Active
629,Bob,Smith,user629@mail.com,9951959452,M,Dallas,,USA,2024-02-07,Active
630,Bob,,user630@mail.com,9736379995,F,LA,TX,USA,2024-11-13,Inactive
619,John,,user619@mail.com,9375866822,F,Dallas,TX,USA,2024-06-28,Active
632,John,Lee,user632@mail.com,9781534021,F,NYC,,USA,2025-10-13,Active
633,Alice,,user633@mail.com,9773885147,M,NYC,TX,USA,2024-12-16,Active
634,Bob,,user634@mail.com,9608615335,F,LA,CA,USA,2025-08-17,Active
635,Bob,Smith,user635@mail.com,9950955920,F,LA,NY,USA,2024-12-01,Inactive
636,John,Smith,user636@mail.com,9383418458,F,Dallas,,USA,2024-08-06,Inactive
637,John,Lee,user637@mail.com,9611233583,F,Dallas,NY,USA,2024-11-16,Inactive
638,Bob,Smith,user638@mail.com,,M,Dallas,TX,USA,2025-02-19,Active
639,,,user639@mail.com,9279107932,F,NYC,CA,USA,2024-07-28,Active
640,Alice,Smith,user640@mail.com,9534505917,F,NYC,NY,USA,2024-01-01,Active
641,Alice,Smith,user641@mail.com,9118713699,F,NYC,TX,USA,2024-09-22,Inactive
642,John,Patel,user642@mail.com,9471960947,M,NYC,CA,USA,2024-01-11,Active
643,Bob,Lee,user643@mail.com,9394386776,M,LA,NY,USA,2024-05-11,Active
644,,Smith,user644@mail.com,9196827113,F,LA,,USA,2024-12-27,Active
645,Alice,Patel,user645@mail.com,9315628937,F,LA,,USA,2024-12-15,Inactive
646,,Patel,user646@mail.com,9691159043,F,Dallas,CA,USA,2025-08-10,Active
647,Bob,Lee,,9700579480,F,NYC,NY,USA,2025-05-09,Active
648,,Smith,user648@mail.com,9925842693,M,Dallas,TX,USA,2024-12-03,Inactive
649,Bob,,user649@mail.com,9199874427,F,LA,CA,USA,2025-02-04,Active
650,Bob,,,9729274407,M,LA,CA,USA,2024-03-26,Inactive
651,,Lee,user651@mail.com,9720000490,F,LA,TX,USA,2024-07-01,Inactive
652,John,Lee,user652@mail.com,9118599017,M,Dallas,NY,USA,2025-02-06,Active
653,Alice,,user653@mail.com,9972688596,M,NYC,TX,USA,2025-06-07,Inactive
654,,Smith,user654@mail.com,9943227880,M,LA,,USA,2024-04-25,Active
655,Bob,Smith,user655@mail.com,9469369113,M,Dallas,TX,USA,2025-09-26,Active
656,Bob,Lee,user656@mail.com,9182190256,M,LA,TX,USA,2024-07-04,Inactive
657,Alice,Patel,user657@mail.com,9682442435,M,LA,TX,USA,2024-02-04,Inactive
658,John,Smith,user658@mail.com,9204716582,M,Dallas,,USA,2024-12-06,Active
659,John,Smith,user659@mail.com,9703570957,F,NYC,,USA,2025-03-06,Inactive
660,Bob,,user660@mail.com,9973392576,F,Dallas,NY,USA,2024-06-03,Inactive
661,Bob,Patel,user661@mail.com,9406823158,M,LA,,USA,2025-11-09,Active
662,John,Patel,user662@mail.com,9229867536,F,Dallas,NY,USA,2025-07-24,Active
663,John,,user663@mail.com,9638577564,M,Dallas,,USA,2024-08-29,Inactive
664,John,Patel,user664@mail.com,9697831498,F,NYC,TX,USA,2024-12-12,Inactive
665,,Patel,user665@mail.com,9960621979,M,LA,CA,USA,2025-01-19,Inactive
658,Alice,Smith,user658@mail.com,9652480411,M,Dallas,CA,USA,2025-06-28,Inactive
667,Alice,Smith,user667@mail.com,9193768705,F,Dallas,TX,USA,2024-04-04,Active
668,John,Smith,user668@mail.com,9993547019,F,Dallas,NY,USA,2025-08-25,Active
669,Bob,Lee,user669@mail.com,9265438652,M,Dallas,NY,USA,2024-08-25,Inactive
670,John,,user670@mail.com,9230862170,F,NYC,NY,USA,2024-08-14,Active
671,Bob,Patel,user671@mail.com,9319708866,F,LA,CA,USA,2025-06-21,Inactive
672,John,,user672@mail.com,9364006038,F,Dallas,NY,USA,2024-04-25,Inactive
673,Alice,Patel,user673@mail.com,9374405588,F,NYC,,USA,2025-08-28,Active
674,Bob,Lee,user674@mail.com,9267242254,M,NYC,,USA,2024-11-13,Inactive
675,,Smith,user675@mail.com,9929271716,M,NYC,,USA,2024-04-11,Inactive
676,Alice,Lee,user676@mail.com,9299931727,M,NYC,TX,USA,2024-06-27,Active
677,John,Lee,user677@mail.com,9184149976,M,LA,,USA,2024-10-28,Inactive
678,John,Smith,user678@mail.com,9265758902,M,Dallas,NY,USA,2025-05-11,Active
679,Bob,,user679@mail.com,9189233136,F,Dallas,,USA,2025-06-09,Inactive
680,John,,user680@mail.com,9328711552,F,Dallas,,USA,2025-06-09,Inactive
681,,Lee,user681@mail.com,9961926420,M,Dallas,TX,USA,2024-02-03,Inactive
682,John,Patel,user682@mail.com,9164546319,M,Dallas,CA,USA,2025-08-27,Active
683,Alice,Patel,user683@mail.com,9778673644,M,Dallas,,USA,2025-10-26,Active
684,Bob,Smith,user684@mail.com,,M,Dallas,TX,USA,2025-03-23,Inactive
685,Bob,Smith,user685@mail.com,9591446197,M,Dallas,CA,USA,2025-10-16,Active
686,,Lee,user686@mail.com,9743130194,M,NYC,CA,USA,2024-02-14,Active
687,,Smith,user687@mail.com,9391851854,M,LA,,USA,2024-11-26,Active
688,John,,user688@mail.com,9319387769,M,LA,TX,USA,2025-01-20,Active
689,Alice,,user689@mail.com,,F,Dallas,,USA,2025-09-08,Inactive
690,,,user690@mail.com,9663871680,M,LA,TX,USA,2025-04-02,Inactive
691,John,,user691@mail.com,9284196810,F,NYC,NY,USA,2024-04-16,Active
692,Bob,,user692@mail.com,9684095916,F,LA,TX,USA,2024-02-24,Inactive
693,,,user693@mail.com,9483221766,M,NYC,,USA,2024-12-06,Inactive
694,John,Lee,user694@mail.com,9279636719,F,LA,NY,USA,2025-11-27,Inactive
695,,Lee,user695@mail.com,9596864037,M,Dallas,,USA,2024-09-29,Inactive
696,,Lee,user696@mail.com,9959383979,F,Dallas,TX,USA,2025-11-24,Active
697,,Smith,user697@mail.com,9306954420,M,Dallas,NY,USA,2024-12-07,Inactive
698,Bob,Lee,user698@mail.com,9127260398,M,Dallas,CA,USA,2025-03-23,Inactive
699,,,user699@mail.com,9291257802,M,Dallas,TX,USA,2024-05-20,Inactive
700,John,Lee,user700@mail.com,9831651895,M,NYC,TX,USA,2024-08-15,Inactive
701,Alice,Lee,user701@mail.com,,M,Dallas,TX,USA,2024-10-11,Inactive
702,Bob,Smith,user702@mail.com,9715319747,F,NYC,NY,USA,2025-09-09,Inactive
703,Bob,Patel,user703@mail.com,9949408678,M,Dallas,CA,USA,2025-08-12,Inactive
704,,Lee,user704@mail.com,9602149925,M,Dallas,TX,USA,2025-12-01,Active
705,Alice,Smith,user705@mail.com,9718198077,M,Dallas,CA,USA,2025-03-20,Active
706,Alice,Smith,user706@mail.com,9624955697,M,Dallas,,USA,2024-07-12,Active
707,Bob,,user707@mail.com,9853328966,F,Dallas,NY,USA,2025-08-30,Inactive
708,Bob,Smith,user708@mail.com,9224175300,M,LA,TX,USA,2024-02-17,Active
709,Bob,Lee,user709@mail.com,9766580490,F,Dallas,,USA,2024-05-14,Active
710,John,Patel,user710@mail.com,9429768721,F,NYC,NY,USA,2024-06-07,Active
711,Bob,Smith,user711@mail.com,9764921391,F,NYC,CA,USA,2024-05-15,Active
712,Bob,Patel,user712@mail.com,9269672335,M,NYC,CA,USA,2025-06-05,Active
713,Bob,Patel,user713@mail.com,9888228734,F,NYC,CA,USA,2025-11-22,Inactive
714,Alice,,user714@mail.com,9565261099,F,NYC,CA,USA,2024-05-17,Inactive
715,Alice,,user715@mail.com,9585453953,F,LA,,USA,2025-03-01,Active
716,Bob,Lee,user716@mail.com,9874680353,F,NYC,TX,USA,2024-04-23,Inactive
717,Bob,Smith,user717@mail.com,9743442910,M,NYC,CA,USA,2025-02-12,Active
718,,Patel,user718@mail.com,9459269533,F,Dallas,NY,USA,2024-10-31,Active
719,John,Lee,user719@mail.com,9179094583,M,NYC,NY,USA,2024-03-03,Inactive
720,,Lee,user720@mail.com,9975683719,F,NYC,,USA,2024-10-13,Inactive
721,John,Smith,user721@mail.com,9998932279,M,Dallas,TX,USA,2025-10-10,Inactive
722,Alice,Smith,user722@mail.com,9575237282,M,LA,CA,USA,2024-07-27,Active
723,Alice,Lee,user723@mail.com,,M,Dallas,NY,USA,2025-07-19,Active
724,Bob,Lee,,9276081720,F,NYC,CA,USA,2025-08-29,Inactive
725,John,Patel,user725@mail.com,9861184845,F,NYC,NY,USA,2024-03-06,Active
726,Bob,Lee,user726@mail.com,9742625218,M,Dallas,NY,USA,2024-04-29,Inactive
727,Alice,,user727@mail.com,9416124655,F,LA,,USA,2024-02-11,Inactive
728,Bob,,user728@mail.com,,F,Dallas,CA,USA,2025-03-31,Active
729,Bob,Lee,user729@mail.com,9784991211,F,Dallas,TX,USA,2024-01-08,Active
730,Bob,Smith,user730@mail.com,9845367086,F,NYC,CA,USA,2024-07-09,Active
731,,,user731@mail.com,9124752386,M,NYC,CA,USA,2025-04-28,Active
732,,,user732@mail.com,9507295087,M,Dallas,TX,USA,2025-05-17,Active
733,,Smith,user733@mail.com,9342659986,M,LA,CA,USA,2024-07-03,Active
734,Alice,,user734@mail.com,9709944349,F,Dallas,,USA,2024-05-08,Inactive
735,,Patel,user735@mail.com,9847238350,F,LA,CA,USA,2024-02-12,Inactive
736,,Smith,user736@mail.com,9196911500,F,NYC,CA,USA,2024-02-10,Active
737,Alice,Smith,user737@mail.com,9189518991,F,NYC,CA,USA,2025-03-18,Active
738,Alice,,user738@mail.com,9132485097,M,Dallas,NY,USA,2024-01-18,Active
739,Bob,,user739@mail.com,9713622134,M,NYC,,USA,2024-11-25,Active
740,Alice,Patel,user740@mail.com,9183730047,M,Dallas,NY,USA,2024-12-09,Active
741,Bob,Smith,user741@mail.com,9879080204,F,LA,,USA,2024-10-05,Active
742,,Patel,user742@mail.com,9986021258,F,LA,NY,USA,2024-06-15,Active
743,,Smith,user743@mail.com,9383729319,M,LA,NY,USA,2024-03-17,Active
744,Bob,Patel,user744@mail.com,9337035223,F,LA,TX,USA,2025-10-19,Inactive
745,Bob,Smith,user745@mail.com,9778465756,M,Dallas,,USA,2024-10-28,Inactive
746,Bob,Smith,user746@mail.com,9268580001,F,LA,CA,USA,2024-05-01,Active
747,Alice,Smith,user747@mail.com,9123861916,M,NYC,CA,USA,2024-06-24,Inactive
748,,,user748@mail.com,9606854022,F,Dallas,TX,USA,2025-07-15,Inactive
749,Alice,Smith,user749@mail.com,9664461638,M,NYC,NY,USA,2024-06-27,Active
750,,Patel,user750@mail.com,9468836978,M,LA,,USA,2025-06-13,Inactive
751,Bob,Lee,user751@mail.com,9471923024,M,Dallas,CA,USA,2024-10-19,Inactive
752,,,user752@mail.com,9999079552,F,Dallas,TX,USA,2025-03-02,Active
753,John,Patel,user753@mail.com,9774811677,F,LA,,USA,2025-02-17,Inactive
754,John,Smith,user754@mail.com,9167511382,F,NYC,CA,USA,2024-09-24,Active
755,John,,user755@mail.com,9615628379,F,Dallas,,USA,2025-04-16,Active
756,,Patel,user756@mail.com,9116491309,F,LA,TX,USA,2024-11-30,Inactive
757,Alice,Smith,,9585284134,M,NYC,NY,USA,2025-08-01,Active
758,Bob,Lee,user758@mail.com,9709477012,F,NYC,CA,USA,2024-09-09,Inactive
759,John,,user759@mail.com,9816657075,M,Dallas,TX,USA,2025-02-27,Inactive
760,John,Patel,user760@mail.com,9185532106,F,NYC,CA,USA,2025-01-05,Active
761,,Smith,user761@mail.com,9341316024,M,LA,CA,USA,2025-09-01,Inactive
762,John,,user762@mail.com,9308633378,F,LA,,USA,2024-03-20,Active
760,,,user760@mail.com,9460734804,F,NYC,,USA,2025-10-12,Inactive
764,John,Patel,user764@mail.com,9473857071,M,NYC,NY,USA,2025-06-25,Active
765,Bob,,user765@mail.com,9484819727,F,NYC,TX,USA,2024-04-14,Inactive
766,Alice,,user766@mail.com,9571121694,M,LA,TX,USA,2025-02-07,Inactive
767,Bob,Patel,user767@mail.com,9248631417,F,Dallas,CA,USA,2024-10-02,Active
768,John,Lee,user768@mail.com,9306249569,M,LA,,USA,2025-08-06,Active
769,,Lee,user769@mail.com,9186578340,M,LA,NY,USA,2024-04-14,Inactive
770,Alice,Patel,user770@mail.com,9192261029,M,LA,NY,USA,2024-07-13,Active
771,Bob,Lee,user771@mail.com,9925915845,M,Dallas,,USA,2024-04-05,Inactive
772,,Smith,user772@mail.com,9170430041,M,LA,NY,USA,2024-06-03,Inactive
773,Bob,Patel,user773@mail.com,9279773729,M,NYC,TX,USA,2025-11-17,Active
774,,,user774@mail.com,9391513412,M,Dallas,TX,USA,2024-04-15,Active
775,Bob,Lee,user775@mail.com,9275175513,F,Dallas,NY,USA,2025-11-25,Active
776,Alice,,user776@mail.com,9885783052,M,LA,NY,USA,2025-06-21,Active
777,Bob,Smith,user777@mail.com,9258150429,F,LA,,USA,2024-01-18,Inactive
778,Bob,,user778@mail.com,9120137020,F,NYC,NY,USA,2024-01-26,Inactive
779,Bob,Smith,user779@mail.com,,M,LA,CA,USA,2024-09-11,Active
780,Bob,Smith,user780@mail.com,9577171282,F,LA,CA,USA,2025-05-20,Inactive
781,Alice,Smith,user781@mail.com,9207454381,F,NYC,,USA,2024-07-11,Inactive
782,Alice,Smith,user782@mail.com,9245312707,F,NYC,NY,USA,2025-06-26,Active
783,Alice,Patel,user783@mail.com,9378164245,F,Dallas,,USA,2024-01-22,Inactive
784,,Lee,user784@mail.com,9196444037,F,Dallas,NY,USA,2025-11-13,Active
785,John,Smith,user785@mail.com,9947710313,M,NYC,,USA,2025-02-09,Active
786,,Patel,user786@mail.com,9361618182,F,LA,,USA,2024-06-30,Active
787,,,user787@mail.com,9952917302,M,NYC,NY,USA,2024-09-24,Inactive
783,Bob,Smith,user783@mail.com,9738488146,F,NYC,NY,USA,2025-06-13,Inactive
789,John,Patel,user789@mail.com,9353778013,M,LA,NY,USA,2024-08-17,Inactive
790,Alice,Smith,user790@mail.com,9355021137,F,LA,CA,USA,2024-12-01,Inactive
791,John,Patel,user791@mail.com,9768883067,M,LA,CA,USA,2024-01-13,Active
792,,Patel,user792@mail.com,9600576176,M,NYC,TX,USA,2025-08-26,Inactive
793,John,Lee,user793@mail.com,9562944895,F,LA,TX,USA,2025-07-06,Active
794,John,Lee,user794@mail.com,9697170122,F,NYC,,USA,2025-10-06,Inactive
795,John,Smith,user795@mail.com,9456446853,F,Dallas,CA,USA,2024-10-14,Inactive
796,,Patel,user796@mail.com,9342523840,M,NYC,,USA,2025-05-10,Inactive
797,Alice,,user797@mail.com,9488798522,F,NYC,CA,USA,2025-09-09,Inactive
798,,Smith,user798@mail.com,,M,LA,NY,USA,2025-04-24,Inactive
799,,,user799@mail.com,9814445150,F,NYC,NY,USA,2025-07-25,Active
800,Alice,,user800@mail.com,9324173756,F,Dallas,TX,USA,2024-07-19,Inactive
801,Bob,Smith,user801@mail.com,9131645273,F,NYC,TX,USA,2025-02-06,Inactive
802,John,Smith,user802@mail.com,9996560845,F,Dallas,TX,USA,2024-10-26,Inactive
803,,Lee,user803@mail.com,9405126520,M,NYC,,USA,2024-09-12,Inactive
804,Bob,Lee,user804@mail.com,9668280740,M,NYC,TX,USA,2024-03-28,Active
805,John,Lee,user805@mail.com,9585087539,M,NYC,TX,USA,2025-12-01,Inactive
806,,,user806@mail.com,9181988829,F,NYC,NY,USA,2024-06-18,Inactive
807,Alice,,user807@mail.com,9828135661,F,Dallas,TX,USA,2024-08-11,Inactive
808,Alice,Lee,user808@mail.com,9688695948,F,Dallas,,USA,2024-02-25,Active
809,Alice,Patel,user809@mail.com,9895091048,M,LA,NY,USA,2025-01-11,Inactive
810,Alice,Lee,user810@mail.com,9273152697,F,Dallas,,USA,2025-10-18,Active
811,John,,user811@mail.com,9652856521,F,NYC,TX,USA,2024-08-27,Inactive
812,,Patel,user812@mail.com,9218070925,M,Dallas,CA,USA,2024-03-08,Inactive
813,Alice,Smith,user813@mail.com,9843125730,F,LA,TX,USA,2024-08-26,Inactive
814,Alice,Lee,user814@mail.com,9726840095,M,LA,TX,USA,2025-03-29,Inactive
815,Bob,Lee,user815@mail.com,9445538749,M,NYC,NY,USA,2024-07-03,Active
816,John,Patel,user816@mail.com,9665374110,F,LA,,USA,2025-08-23,Inactive
817,,,user817@mail.com,9803413812,M,Dallas,TX,USA,2024-07-13,Inactive
818,John,,user818@mail.com,9976400010,F,NYC,NY,USA,2025-06-18,Inactive
819,Alice,Smith,user819@mail.com,9463467671,M,NYC,,USA,2025-11-26,Active
820,,Patel,user820@mail.com,,F,LA,NY,USA,2024-02-17,Active
821,Bob,,user821@mail.com,9503916315,F,Dallas,TX,USA,2025-08-12,Active
822,,,user822@mail.com,9952629916,F,NYC,NY,USA,2024-02-11,Active
823,John,Lee,user823@mail.com,9701047861,M,Dallas,NY,USA,2025-08-22,Active
824,,Lee,user824@mail.com,9981402180,M,LA,NY,USA,2024-06-07,Active
825,Alice,Lee,user825@mail.com,,F,LA,NY,USA,2025-01-22,Active
826,John,Patel,user826@mail.com,9717364441,M,NYC,TX,USA,2025-01-06,Active
807,Bob,,user807@mail.com,9823560088,F,LA,TX,USA,2025-04-01,Inactive
810,,Lee,user810@mail.com,9139809936,F,Dallas,,USA,2025-06-07,Active
829,Alice,Lee,user829@mail.com,9440074973,M,Dallas,CA,USA,2024-09-14,Active
830,,Smith,user830@mail.com,9499985524,F,LA,,USA,2025-06-21,Inactive
831,John,,user831@mail.com,9589274006,F,NYC,,USA,2024-10-10,Inactive
832,Alice,Smith,user832@mail.com,,F,NYC,,USA,2024-11-13,Inactive
833,John,Smith,user833@mail.com,9221722180,M,Dallas,NY,USA,2025-04-15,Active
834,Bob,,user834@mail.com,9731694086,F,NYC,CA,USA,2025-01-04,Active
835,John,Lee,user835@mail.com,9286365391,M,LA,,USA,2025-02-08,Inactive
823,John,,user823@mail.com,9252087279,M,Dallas,,USA,2024-02-12,Inactive
837,John,,user837@mail.com,9520831034,F,LA,CA,USA,2025-04-23,Active
838,Alice,Patel,user838@mail.com,9153058458,M,Dallas,,USA,2025-10-02,Inactive
839,,Patel,user839@mail.com,9439533651,M,NYC,TX,USA,2024-07-29,Active
840,Bob,,user840@mail.com,9989454114,M,NYC,TX,USA,2025-01-21,Active
841,Bob,Smith,user841@mail.com,9333476564,F,Dallas,CA,USA,2025-01-25,Active
842,John,Patel,user842@mail.com,9978922522,M,NYC,NY,USA,2024-04-26,Active
843,Alice,Smith,user843@mail.com,9267949858,F,Dallas,CA,USA,2024-07-10,Active
844,John,Patel,user844@mail.com,9162756508,M,LA,TX,USA,2025-02-02,Active
845,John,,user845@mail.com,9362283751,M,Dallas,,USA,2024-03-10,Active
836,John,Smith,user836@mail.com,,F,NYC,NY,USA,2025-05-19,Active
847,John,Smith,user847@mail.com,,M,NYC,TX,USA,2025-09-02,Active
848,John,Lee,user848@mail.com,9699270883,F,LA,,USA,2024-11-01,Active
831,,Patel,user831@mail.com,9434696754,F,LA,CA,USA,2024-12-14,Active
850,John,Smith,user850@mail.com,9995512881,F,Dallas,NY,USA,2024-01-14,Inactive
851,John,Patel,,9640534550,F,LA,CA,USA,2024-04-01,Inactive
852,John,Smith,user852@mail.com,9966343908,F,NYC,TX,USA,2024-07-07,Inactive
853,Alice,Smith,user853@mail.com,9205831126,M,Dallas,TX,USA,2025-07-06,Active
854,Bob,Patel,user854@mail.com,9168719118,F,Dallas,NY,USA,2025-09-12,Active
855,Bob,Smith,user855@mail.com,9104234048,M,LA,TX,USA,2025-07-20,Active
856,Bob,Smith,user856@mail.com,9760954613,F,NYC,,USA,2024-01-18,Active
857,John,,user857@mail.com,9240744411,F,LA,NY,USA,2024-10-12,Active
858,Bob,Lee,user858@mail.com,9561315776,F,LA,NY,USA,2025-03-20,Inactive
859,,Patel,user859@mail.com,9330529647,F,NYC,NY,USA,2024-06-24,Inactive
860,Alice,,user860@mail.com,9304150500,F,NYC,CA,USA,2024-01-05,Inactive
861,John,Lee,user861@mail.com,9812604676,F,Dallas,,USA,2024-05-31,Inactive
862,,,user862@mail.com,9596739000,F,NYC,,USA,2025-06-01,Active
863,,Lee,user863@mail.com,9499204584,M,NYC,NY,USA,2024-03-06,Inactive
864,Bob,Lee,user864@mail.com,9374676468,M,NYC,TX,USA,2025-06-15,Active
865,,,user865@mail.com,9854916577,M,Dallas,,USA,2024-06-23,Inactive
866,Bob,Lee,user866@mail.com,9247326012,F,LA,CA,USA,2024-07-25,Active
867,Alice,,user867@mail.com,9630491720,F,LA,CA,USA,2024-05-30,Active
868,Alice,Patel,user868@mail.com,9723118416,F,NYC,,USA,2024-07-04,Inactive
869,Bob,Patel,user869@mail.com,9927030757,M,LA,,USA,2024-05-21,Inactive
870,,Smith,user870@mail.com,9293919712,F,LA,TX,USA,2024-01-24,Active
871,,Smith,user871@mail.com,9118467038,F,Dallas,TX,USA,2025-06-06,Inactive
872,Alice,Lee,user872@mail.com,9208614394,M,LA,,USA,2024-01-06,Active
873,John,,,9786019562,M,LA,NY,USA,2025-08-27,Inactive
874,John,,user874@mail.com,9958270151,M,Dallas,,USA,2024-06-14,Inactive
875,John,Patel,user875@mail.com,9994983467,M,NYC,,USA,2025-01-05,Inactive
876,John,Lee,user876@mail.com,9120499493,F,NYC,TX,USA,2025-11-04,Inactive
877,John,,user877@mail.com,9415243980,F,LA,NY,USA,2024-08-21,Inactive
878,Bob,Lee,user878@mail.com,9965238059,M,Dallas,CA,USA,2024-04-14,Active
870,John,Lee,user870@mail.com,9596009458,M,NYC,CA,USA,2025-01-19,Inactive
871,John,Smith,user871@mail.com,9777960398,M,LA,,USA,2024-12-29,Inactive
881,Alice,Smith,user881@mail.com,9437994828,M,NYC,,USA,2025-03-07,Active
882,John,,user882@mail.com,9798418857,F,NYC,NY,USA,2024-08-19,Inactive
883,Bob,Patel,user883@mail.com,9995959648,F,LA,,USA,2025-11-04,Active
884,Bob,Smith,user884@mail.com,9397847531,M,Dallas,,USA,2025-10-29,Active
885,Alice,Smith,user885@mail.com,9521753105,F,LA,TX,USA,2024-02-16,Inactive
886,,Smith,user886@mail.com,9890925952,F,NYC,CA,USA,2025-05-05,Inactive
887,John,Lee,user887@mail.com,9335426009,M,NYC,CA,USA,2024-05-04,Active
888,,Smith,user888@mail.com,9179803739,M,NYC,TX,USA,2025-11-18,Active
889,Bob,,user889@mail.com,9852009674,M,NYC,,USA,2025-01-30,Inactive
890,Alice,Patel,user890@mail.com,9105605963,F,NYC,CA,USA,2024-09-12,Active
891,John,Smith,user891@mail.com,9139092507,F,LA,TX,USA,2025-09-08,Active
892,John,Patel,user892@mail.com,9638156255,F,NYC,NY,USA,2025-04-08,Inactive
893,Alice,Patel,user893@mail.com,9946177511,F,LA,,USA,2025-03-12,Inactive
894,Alice,Patel,user894@mail.com,9830154664,M,Dallas,NY,USA,2024-04-26,Active
890,Alice,,user890@mail.com,9967727801,M,NYC,CA,USA,2024-02-19,Inactive
896,Bob,,user896@mail.com,9292258531,M,Dallas,CA,USA,2025-03-26,Active
897,,Lee,user897@mail.com,9162087236,M,Dallas,,USA,2024-05-01,Inactive
898,John,,user898@mail.com,9441311074,M,NYC,TX,USA,2024-02-08,Active
899,Bob,Lee,user899@mail.com,9197965883,F,NYC,TX,USA,2024-06-07,Active
900,Bob,Patel,user900@mail.com,9588737941,M,NYC,NY,USA,2024-02-29,Inactive
901,,Smith,user901@mail.com,9261349971,M,NYC,,USA,2025-05-13,Active
902,Alice,,user902@mail.com,9356351580,F,LA,,USA,2024-04-08,Inactive
903,Bob,Patel,user903@mail.com,,F,LA,TX,USA,2025-07-14,Active
904,Bob,,user904@mail.com,9196128959,M,LA,NY,USA,2024-07-26,Active
905,Bob,Lee,user905@mail.com,9683180189,M,LA,TX,USA,2024-11-03,Active
906,Bob,Patel,user906@mail.com,9529479286,F,Dallas,TX,USA,2024-08-18,Inactive
907,,,user907@mail.com,9524539985,M,NYC,TX,USA,2025-11-26,Inactive
908,Alice,Smith,user908@mail.com,9818989139,M,LA,NY,USA,2024-09-01,Inactive
909,Bob,,user909@mail.com,9217004587,F,NYC,TX,USA,2024-01-03,Inactive
910,Bob,Patel,user910@mail.com,9465956501,M,Dallas,,USA,2025-07-27,Active
911,,,user911@mail.com,9974158490,M,NYC,NY,USA,2024-08-01,Active
912,Alice,Lee,user912@mail.com,9398165659,F,NYC,NY,USA,2024-01-22,Active
913,Alice,Smith,user913@mail.com,9664959731,F,LA,,USA,2024-06-03,Active
914,Alice,Patel,user914@mail.com,9482719023,F,LA,CA,USA,2024-03-05,Active
915,Alice,Smith,user915@mail.com,9389796283,F,LA,,USA,2024-03-19,Inactive
916,Alice,Patel,user916@mail.com,9318730454,M,NYC,TX,USA,2025-02-16,Active
917,Alice,Patel,user917@mail.com,9137144755,M,Dallas,TX,USA,2025-02-04,Active
918,John,Patel,user918@mail.com,9894104160,M,Dallas,NY,USA,2024-06-28,Active
919,Alice,Patel,user919@mail.com,9399219355,F,NYC,,USA,2024-01-30,Inactive
920,John,Patel,user920@mail.com,9304082861,M,LA,NY,USA,2025-11-07,Inactive
921,,Lee,user921@mail.com,9916031202,M,Dallas,CA,USA,2024-06-07,Active
903,Alice,Smith,user903@mail.com,9595274669,F,LA,,USA,2024-09-26,Active
923,,Lee,,9668858967,F,LA,NY,USA,2024-08-24,Inactive
924,John,Lee,user924@mail.com,9143452887,M,LA,,USA,2024-02-26,Inactive
925,,Patel,user925@mail.com,,M,Dallas,CA,USA,2024-03-30,Inactive
926,John,Patel,user926@mail.com,9877336463,F,LA,,USA,2024-02-23,Active
911,,,user911@mail.com,9784288534,F,LA,NY,USA,2025-08-13,Inactive
928,John,Lee,user928@mail.com,9977442628,F,NYC,CA,USA,2025-11-14,Inactive
929,Alice,,user929@mail.com,9141572807,M,NYC,TX,USA,2024-03-25,Active
930,John,Lee,user930@mail.com,9697091239,F,NYC,TX,USA,2024-11-03,Inactive
931,Alice,Patel,user931@mail.com,,M,LA,CA,USA,2025-11-29,Inactive
932,Alice,Smith,user932@mail.com,9392200296,M,LA,,USA,2024-01-10,Inactive
933,John,Lee,user933@mail.com,9988400317,F,NYC,TX,USA,2024-02-20,Inactive
934,Bob,Smith,user934@mail.com,9521563922,F,LA,CA,USA,2024-09-28,Inactive
935,,,user935@mail.com,9330940693,F,Dallas,NY,USA,2025-10-24,Active
936,John,Patel,user936@mail.com,9822919508,F,NYC,,USA,2024-09-21,Active
937,,Patel,user937@mail.com,9821234334,M,NYC,TX,USA,2025-03-17,Inactive
938,,,user938@mail.com,9774370983,F,LA,CA,USA,2025-04-28,Active
939,Alice,Smith,user939@mail.com,9834513312,M,NYC,,USA,2025-09-17,Active
940,,Smith,user940@mail.com,9698395734,M,LA,CA,USA,2024-06-09,Inactive
941,John,Smith,user941@mail.com,9290026268,F,LA,CA,USA,2025-05-09,Inactive
942,,,user942@mail.com,9870208041,F,LA,NY,USA,2024-10-22,Inactive
943,,,,9293497670,F,LA,CA,USA,2024-11-20,Active
935,John,Patel,user935@mail.com,9883100010,M,LA,,USA,2024-07-01,Active
945,John,Patel,user945@mail.com,9483511227,F,NYC,NY,USA,2025-01-31,Active
946,Alice,,user946@mail.com,9684813228,M,NYC,TX,USA,2024-05-02,Active
947,Bob,Patel,user947@mail.com,9156974504,M,LA,,USA,2024-04-21,Inactive
948,Alice,Patel,user948@mail.com,9371478382,F,Dallas,CA,USA,2024-05-22,Inactive
949,,Patel,user949@mail.com,9988604572,M,LA,CA,USA,2024-03-10,Active
950,John,Patel,user950@mail.com,9538301562,F,LA,,USA,2025-03-26,Inactive
951,John,Lee,user951@mail.com,,F,LA,CA,USA,2025-05-29,Active
952,John,,user952@mail.com,9216115351,F,NYC,TX,USA,2024-06-23,Active
953,John,,user953@mail.com,9472602897,M,NYC,NY,USA,2025-07-29,Inactive
954,Alice,,user954@mail.com,9899469643,F,Dallas,NY,USA,2024-03-31,Inactive
955,John,,user955@mail.com,9770925644,F,LA,,USA,2025-09-17,Inactive
956,Alice,,user956@mail.com,9963661004,M,NYC,NY,USA,2024-02-02,Active
957,Alice,Lee,user957@mail.com,9736943140,F,Dallas,TX,USA,2024-04-23,Active
958,John,Smith,user958@mail.com,9658958286,F,NYC,NY,USA,2025-06-05,Inactive
959,,,user959@mail.com,9422184061,F,Dallas,NY,USA,2025-11-26,Active
960,,Smith,user960@mail.com,9990327079,F,LA,TX,USA,2025-11-24,Inactive
961,,Smith,user961@mail.com,9941291040,F,LA,,USA,2025-09-08,Inactive
962,,,user962@mail.com,9163492963,F,NYC,,USA,2025-10-24,Active
963,John,Lee,user963@mail.com,9811495088,M,Dallas,CA,USA,2025-07-07,Inactive
964,,Patel,user964@mail.com,,F,NYC,NY,USA,2025-06-22,Active
965,,Smith,user965@mail.com,9177954630,F,NYC,NY,USA,2024-05-08,Inactive
966,,Patel,user966@mail.com,9476140712,M,LA,NY,USA,2025-05-22,Active
967,,Smith,user967@mail.com,9620295764,M,NYC,,USA,2025-06-26,Inactive
968,John,Patel,user968@mail.com,9854929512,F,Dallas,NY,USA,2024-02-28,Active
969,Bob,,user969@mail.com,9219179640,F,NYC,TX,USA,2025-01-12,Inactive
970,John,,user970@mail.com,9633064106,F,Dallas,TX,USA,2025-11-03,Inactive
971,,Patel,user971@mail.com,9570956793,M,NYC,TX,USA,2024-12-25,Active
952,Alice,Patel,,9863542915,M,Dallas,CA,USA,2025-03-30,Active
973,Alice,Lee,user973@mail.com,9337657147,M,Dallas,,USA,2025-02-16,Active
974,Bob,,user974@mail.com,9674990062,F,LA,TX,USA,2025-01-21,Inactive
975,Alice,Smith,user975@mail.com,9939254846,F,NYC,,USA,2025-11-02,Inactive
976,John,,user976@mail.com,9139724201,M,NYC,TX,USA,2024-08-11,Active
977,Alice,Patel,user977@mail.com,9211268643,M,Dallas,CA,USA,2025-10-01,Active
978,Bob,Patel,user978@mail.com,9739618426,M,LA,NY,USA,2025-10-11,Inactive
979,Alice,Patel,user979@mail.com,9768083458,F,Dallas,,USA,2024-08-25,Inactive
980,Bob,,user980@mail.com,9654123203,M,LA,,USA,2025-11-17,Inactive
981,Alice,Lee,user981@mail.com,9942785974,M,LA,NY,USA,2024-09-03,Inactive
979,Alice,Lee,user979@mail.com,9243762869,F,LA,NY,USA,2024-05-23,Inactive
983,Alice,,user983@mail.com,9462639719,F,NYC,TX,USA,2025-09-11,Inactive
984,Alice,,user984@mail.com,9467684834,F,NYC,CA,USA,2025-03-16,Inactive
985,John,,user985@mail.com,9384763782,F,NYC,NY,USA,2025-09-28,Inactive
986,Alice,Smith,user986@mail.com,9509849906,M,Dallas,,USA,2024-08-31,Active
987,,Patel,user987@mail.com,9954379093,M,LA,NY,USA,2024-12-31,Inactive
988,John,,user988@mail.com,9413895052,M,Dallas,CA,USA,2024-12-22,Inactive
989,,,user989@mail.com,9474662362,F,LA,CA,USA,2024-12-09,Active
990,Bob,,user990@mail.com,9444971397,F,NYC,,USA,2025-03-08,Inactive
991,John,,user991@mail.com,,F,Dallas,CA,USA,2024-04-14,Inactive
992,Bob,,user992@mail.com,9696987031,M,Dallas,TX,USA,2024-12-31,Inactive
993,,Lee,,9445488269,F,Dallas,CA,USA,2025-01-08,Active
994,Bob,Smith,user994@mail.com,9190111803,F,LA,CA,USA,2024-10-23,Inactive
995,Bob,Lee,user995@mail.com,9998953480,M,Dallas,NY,USA,2024-05-22,Inactive
996,John,Smith,user996@mail.com,9104137450,F,NYC,CA,USA,2025-06-04,Inactive
997,,Lee,user997@mail.com,9628096360,F,NYC,,USA,2024-06-24,Inactive
998,,,user998@mail.com,9317552351,F,LA,TX,USA,2024-07-30,Inactive
999,Bob,Lee,user999@mail.com,9370437356,M,LA,TX,USA,2024-07-17,Inactive
1000,Bob,Patel,user1000@mail.com,9936755744,F,NYC,NY,USA,2024-02-19,Active
